test_pass_rate,cyclomatic_complexity,num_functions,lines_of_code,runtime_ms,memory_usage_mb,num_failed_tests,num_warnings,lint_score,documentation_score,quality_label
0.7957962893885334,0.6741513864548951,10.0,164.0,217.15416796137328,171.38190819442812,1.0,8.0,0.6280228698483933,0.2168911130355769,needs_improvement
,,,,,,,,,,
,,,,,,,,,,
0.6012566391295915,5.386554779734102,7.0,217.0,48.830592557824964,28.49299061832839,2.0,1.0,0.885220974480336,0.10617250768209399,needs_improvement
0.9602002890154153,2.569097758271561,12.0,138.0,276.37917501787337,114.07533498547764,2.0,3.0,0.5853761717796658,0.3357498036979462,good
0.5709579665930622,11.983429077751232,5.0,66.0,521.7417643357227,11.475955645832123,3.0,0.0,0.6172858612449403,0.521826874701861,needs_improvement
0.8607410143940987,5.079595339268406,7.0,367.0,19.16330998448313,6.272740071388476,2.0,3.0,0.38168826699658676,0.2573627883955225,needs_improvement
0.6641156793587346,7.330366024387256,11.0,116.0,106.89515554818591,60.62042271463988,5.0,2.0,0.9396372586918542,0.7127741041059595,good
0.7256660469967509,2.2987813187187447,8.0,518.0,503.67556277722184,23.213670387459178,2.0,3.0,0.5534888641064877,0.17958084357265922,needs_improvement
0.878709207150594,16.09586444732828,11.0,886.0,45.326801739551385,19.113383276411692,4.0,4.0,0.6048267002492572,0.7282681230061003,good
0.925811606062598,8.586822202948003,6.0,545.0,542.8962183685,55.627535636838275,0.0,1.0,0.8782856084564322,0.8138776527716128,good
0.548064565409993,9.618978632550595,9.0,417.0,149.8132085823907,20.284559815920495,3.0,3.0,0.7972047384676733,0.6638043551271451,needs_improvement
0.7726722237419349,0.9448838730995657,7.0,117.0,21.048345106631775,42.496853764978084,1.0,3.0,0.7799181132351019,0.30521992424165306,good
0.7717819684851042,1.5801553946727787,5.0,793.0,119.52279303707687,17.794841356172462,1.0,5.0,0.5670373996251161,0.4571410577512226,needs_improvement
0.5210928882962691,1.681747418563337,8.0,1914.0,78.982554709139,76.56776118900214,2.0,6.0,0.9705171022447973,0.700283209581936,good
0.8161061102831512,1.5797851621531753,4.0,1244.0,66.31401930807715,18.726552440205612,1.0,2.0,0.9583794212155818,0.4097413352587528,good
0.564329179567133,9.669202084691792,4.0,139.0,155.94834370977586,38.28526404964092,0.0,4.0,0.8549302150100045,0.2106764500771106,needs_improvement
0.6955255418595557,0.16202092786403208,4.0,379.0,132.17189317450854,1.1724436072855056,1.0,3.0,0.8425099991836634,0.34187853157530984,good
0.7033277158030663,0.39575713189288975,12.0,321.0,131.54332806308756,78.44618627009976,0.0,3.0,0.8804185971391688,0.340106973472435,good
0.7204205343786013,1.6004400647300043,6.0,293.0,18.454141579204315,48.423665133062194,3.0,2.0,0.9110822155049307,0.8784907545359334,good
0.618516567941663,1.1149239111524616,9.0,412.0,324.21930314824124,10.674333162742501,1.0,3.0,0.8728834321271521,0.6693502823093604,good
0.8505770661072206,1.3189138405797765,8.0,2280.0,131.3396438620283,12.127365634201869,2.0,1.0,0.6412813198227807,0.551396593267562,good
0.4987590569652909,7.996031899007809,4.0,439.0,343.96870296882514,15.22397943934507,0.0,3.0,0.9169915804120975,0.5078661676169381,needs_improvement
0.7876278197268776,4.140559071972652,10.0,282.0,348.1311299260271,42.96364263241269,1.0,2.0,0.8116172906661261,0.1482952649728657,good
0.6596127560792087,0.028936879463638376,13.0,511.0,76.29171441110518,39.738659806816756,0.0,1.0,0.5238803215899304,0.2954186734631046,needs_improvement
0.7400284924195182,2.8046574653915113,7.0,141.0,0.871155288654464,16.000878389075996,1.0,4.0,0.8602006381945878,0.19389777299924874,good
0.7652306850575336,2.6202714133359923,6.0,227.0,484.37662942307804,59.21868831524729,1.0,2.0,0.9084348214675046,0.7825092387327092,good
0.5997794779361405,0.6048827882447572,11.0,888.0,286.00302149812904,109.92980053624058,2.0,5.0,0.6742589308631014,0.8076800980355857,good
,,,,,,,,,,
0.7247142755349301,6.054939905860646,8.0,2167.0,241.94924369287634,26.995271783533052,0.0,3.0,0.5833302627190793,0.8051714215912772,good
0.6536940404098422,6.3808042148519455,6.0,499.0,4.045290227815166,45.01104216671002,2.0,5.0,0.872351669655371,0.7633399130132399,good
0.6584309311037017,6.518430654083177,13.0,148.0,5.630326812912118,44.14705371725587,3.0,2.0,0.8578177389318618,0.4119731872292431,good
0.769370657555962,0.0002641416384416606,7.0,113.0,149.23502291214206,0.98643419796783,2.0,6.0,0.5934760800273504,0.15834354325805272,needs_improvement
0.49924661902968537,15.386968536684924,5.0,899.0,20.193464693927616,11.821956470336884,2.0,2.0,0.6170388708079759,0.303826097771071,needs_improvement
,,,,,,,,,,
0.6713494572212239,11.716082225797155,5.0,163.0,448.54504993325196,42.0783076997299,0.0,3.0,0.6775379278817714,0.5047023830717594,needs_improvement
0.7280095396756684,0.0788347142499752,12.0,267.0,209.8570430165731,51.83681840890265,1.0,3.0,0.9030139436049215,0.1953937506736359,good
0.9509905103013654,13.579816822723178,11.0,895.0,13.165784448255277,8.702324296919365,0.0,3.0,0.7989024830114039,0.36309841985828345,good
0.7322851655276931,8.298094094249576,11.0,300.0,78.55971107599288,20.249095194162035,4.0,3.0,0.9506296382645517,0.2918777991162301,good
0.5390540201753489,9.076752090344172,8.0,205.0,92.95482472539194,20.00923445778068,0.0,6.0,0.80831622196304,0.23586229360666194,needs_improvement
0.3919299060422733,0.48964865514422745,5.0,1064.0,131.12397848400877,85.68504363958135,3.0,5.0,0.9435266371288787,0.7381542632851418,needs_improvement
0.7116978489082427,6.711923845927728,9.0,928.0,37.001722500904044,10.82449955406575,1.0,4.0,0.6273645810102263,0.3824142030596311,needs_improvement
0.926335049171045,16.08397615928,12.0,1530.0,172.31867789620946,39.73841497153586,2.0,3.0,0.8434933345536842,0.6605781426574463,good
0.508671721699681,5.674524989182576,14.0,1189.0,114.45889150032689,76.37803960874298,4.0,2.0,0.9507132732811909,0.6363190983624993,good
0.6447284351945167,4.2263825773637995,4.0,941.0,588.6164408931909,88.47393484094268,3.0,2.0,0.8973132078402597,0.3428388198398388,needs_improvement
0.738916560935646,14.559684104208163,6.0,221.0,550.3854641323991,54.91553085148867,1.0,1.0,0.5754878459882452,0.5453128094729552,needs_improvement
0.6276956838705985,2.925385790276509,11.0,683.0,166.69987887859307,17.800026588993173,0.0,2.0,0.8599488059650304,0.8730912781478538,good
0.8549501657414503,4.572631026716765,9.0,1066.0,206.76126215473323,86.59343578303023,5.0,3.0,0.9417008083356843,0.5260441968476857,good
0.8088247269742654,3.234547007105441,10.0,1780.0,29.65278398354864,67.77197085488534,4.0,3.0,0.8360830089196922,0.3537016792131992,good
0.49641195779333475,13.503850429849283,5.0,462.0,50.546204794693516,60.949099677223096,5.0,4.0,0.9119113047527316,0.5236028325840753,needs_improvement
0.7579669876344522,0.395674535892102,4.0,272.0,461.9529695758173,3.4854813550130515,1.0,0.0,0.742186002645669,0.8701645939538399,good
0.8268006851508448,3.4769454671014506,5.0,198.0,240.2392810155038,2.2114354065245334,2.0,1.0,0.8301722622389129,0.32785595283596297,good
0.6770956224095878,5.807000777644524,8.0,883.0,42.00356369668304,59.43209587848342,2.0,3.0,0.5380178464114466,0.6877417302588215,needs_improvement
0.5198931175616088,7.848839828464314,12.0,236.0,168.89185476525648,144.8349074794531,3.0,3.0,0.768080967089027,0.44231564456058037,needs_improvement
0.8866087926804624,4.373568881373366,6.0,439.0,545.9403337879661,74.29997339802881,3.0,6.0,0.7033321730422515,0.6756862958602001,good
0.5338395953442137,11.979961349966722,16.0,199.0,84.67626165102428,89.0337266864948,4.0,2.0,0.8932806618787709,0.3802373547309254,needs_improvement
0.6027072010026951,14.23582405894265,5.0,355.0,41.11485368558472,39.37094588010895,3.0,3.0,0.8585431415888501,0.24342547682284116,needs_improvement
0.7854993601217873,0.33240455547980696,7.0,573.0,569.549634441104,18.162406725531852,1.0,2.0,0.9692530015928444,0.18395811545303456,good
0.8907092685328146,2.5739217421121645,10.0,500.0,123.70642979072801,56.619348814430126,1.0,5.0,0.7201554762166783,0.5180205609911791,good
0.9081616337628275,0.11869282551311909,7.0,728.0,107.99665417042146,62.23468385988365,4.0,3.0,0.8900080999791187,0.6574608596311416,good
0.6160869699678154,1.9980364238353923,10.0,134.0,62.27673652614318,56.25160775309621,3.0,2.0,0.6886380312717906,0.31444211691708246,needs_improvement
0.8914463430902213,3.8487181949046487,6.0,367.0,444.3583087415626,146.59944409676936,3.0,1.0,0.6817203549662596,0.699869311788166,good
0.6837908089543394,12.084087040814957,8.0,276.0,373.66344822651956,22.87838649020654,1.0,2.0,0.623026273885529,0.415177146740979,needs_improvement
0.707925673143736,9.372043334361457,10.0,183.0,103.16441687467358,2.0232663939486057,3.0,10.0,0.9166078781166108,0.4155040700495422,needs_improvement
0.6453013821578876,0.6819615581783676,5.0,221.0,6.21833095078069,119.5404162486662,0.0,4.0,0.8267222668589411,0.2806432547573916,good
0.8791772076748084,0.48823159334007704,6.0,197.0,118.3534302897754,8.747387642854457,1.0,5.0,0.8138150818715508,0.3416409591472918,good
,,,,,,,,,,
0.5986590205696427,3.7976954637242355,3.0,555.0,30.80142106165351,103.25896257860879,4.0,3.0,0.9270731689942031,0.6735094436745797,good
0.8916913232451109,1.5488044031406434,1.0,812.0,99.87614408027949,18.56343135248252,2.0,2.0,0.9684716953559183,0.7807956652039887,good
0.784771612779088,11.48565420024942,5.0,524.0,20.867083215868572,88.72012115968548,4.0,3.0,0.9327941082829933,0.6547740352408009,good
0.9493936041328687,13.11163892280829,14.0,458.0,631.4832841119994,20.177706230398112,2.0,2.0,0.90649130577513,0.3034396562465901,good
0.8583373459082819,2.5759376012673627,8.0,429.0,9.74126171115163,79.05659867574471,3.0,0.0,0.7812325128435739,0.7849862824447444,good
0.6475644178510022,11.050146110160366,7.0,692.0,102.62218909133945,3.6193883263933984,1.0,2.0,0.74387687315988,0.6557543903272839,good
0.8579377243901719,2.422126775155586,7.0,74.0,35.51521537082091,53.24577270456171,1.0,3.0,0.9223676066704843,0.5024775391675338,good
0.8690341933565224,6.674525161483274,11.0,384.0,233.47117351469387,56.52652706065565,3.0,2.0,0.6724967568564832,0.2900238649103039,good
0.5290214802414378,3.230766644425504,8.0,519.0,16.418107940015673,33.80721069578237,1.0,3.0,0.8025561278832161,0.27487098546643557,needs_improvement
0.6511457822536105,0.6538654669148859,2.0,1688.0,158.28680991398681,58.092121523400806,1.0,6.0,0.9633185106172456,0.49173214987891356,good
0.5883764744759382,13.150878527922805,14.0,165.0,296.65049538273587,128.31690192163572,3.0,1.0,0.805712928464616,0.4125551561927184,needs_improvement
0.9080403979367927,3.026566149178444,9.0,161.0,599.3859382303597,66.18566741415084,0.0,3.0,0.8147658684108527,0.4005416048381789,good
0.956318374061485,6.630458135732158,5.0,65.0,239.81533729225663,162.59065369974803,1.0,1.0,0.8206654336524786,0.6164896846299931,good
0.9535437444155195,2.2877974145165916,11.0,132.0,20.959192261854877,29.765855630935977,0.0,5.0,0.7893708063067089,0.3864447120601195,good
0.5495346679529837,0.09530699111048097,7.0,357.0,18.537246011804122,37.56962200879691,4.0,4.0,0.5449995892932151,0.6910951819454834,needs_improvement
0.7983691564575395,0.5297498839564118,6.0,226.0,263.0539206376971,15.308509616739938,0.0,2.0,0.6454082215425805,0.522749226876472,good
0.9448830813391883,3.42807290468021,9.0,222.0,48.49825469496891,212.0321449306266,0.0,3.0,0.678518231492339,0.5492377312763375,good
0.6304796353037824,5.855340055502804,9.0,410.0,118.56602345873786,2.8357527624915164,2.0,2.0,0.9235235667805395,0.40892739249617815,good
0.843275044756087,2.0378515618268973,7.0,642.0,751.1842861214341,22.206691256078752,2.0,2.0,0.568089775950684,0.3277445685662258,good
0.5370792482408929,5.945231458279951,5.0,407.0,342.8561550904081,17.669528937970163,3.0,5.0,0.6853493248723882,0.2803810691265503,needs_improvement
0.7668327836692785,5.997175400798885,6.0,412.0,374.93261757175355,24.429705365835005,2.0,1.0,0.796482248486977,0.3947506227916785,good
0.747948435107594,6.085896593996464,7.0,557.0,394.3254705567857,124.880060605154,1.0,2.0,0.7302276934514919,0.2830079082897044,good
0.7171556609456584,3.3915081555138507,13.0,93.0,193.2776536202431,22.946290697729644,4.0,5.0,0.6217254001398212,0.34351448192614115,needs_improvement
0.8074626164270294,12.318827541832121,7.0,447.0,272.46395157900264,124.43167089849274,3.0,3.0,0.7868776770936827,0.9047664266992436,good
0.6936605565081185,3.3588516902550563,8.0,379.0,88.93296966217353,27.52502334517851,2.0,5.0,0.8450390534309176,0.7084383676982281,good
0.8269202468678515,2.991596435154196,2.0,401.0,1293.413767488353,96.47140558522288,4.0,1.0,0.7503357395787758,0.38278136140724733,good
,,,,,,,,,,
0.3382469519769455,1.83835509431483,4.0,342.0,178.32323525693255,18.65131243081894,1.0,5.0,0.8082363777598868,0.699532972580363,needs_improvement
0.7241010434605898,0.2162835954902101,10.0,556.0,66.27432331561825,29.83277576448892,4.0,4.0,0.8799312618711858,0.8127288439431247,good
0.8599112545626415,5.019265306908135,11.0,1461.0,23.772710216612687,27.61547163426804,4.0,2.0,0.7257707295673215,0.3291157006428133,good
0.827247667159291,1.4286581718142815,7.0,104.0,167.67427762415133,15.049448360496697,1.0,2.0,0.770006016476313,0.7072030455899263,good
0.8438067295593595,1.8131435516013774,11.0,637.0,87.18960674167639,17.099080368002827,1.0,3.0,0.7043358510620179,0.19382319600928177,good
0.8266101239301327,7.366118270977675,10.0,1068.0,175.03900337497979,10.31763557042461,3.0,3.0,0.8779047937228857,0.34407097514002094,good
0.652188831266775,1.9816932794925708,11.0,145.0,163.59631826525637,20.473698433707007,3.0,5.0,0.8497285902306636,0.3255087638156161,needs_improvement
0.8355971003171622,1.3866517973713761,12.0,349.0,156.28935920260787,48.962299118876885,2.0,3.0,0.5622698124506236,0.819569570632037,good
0.6999772037787169,0.9259749004192124,7.0,503.0,26.31834004814734,24.43349169244891,1.0,2.0,0.6441162169292123,0.5469724919263058,good
0.8218593977787356,7.455128755415215,7.0,2012.0,116.02827174153238,62.295884460620464,2.0,6.0,0.8426193540275715,0.6734268565472541,good
0.7778882543257616,0.6946224491249249,8.0,2295.0,334.26685412412473,217.05640375598028,4.0,5.0,0.7629467451861324,0.7786565580292327,good
0.8694653743327073,3.0234270817476894,10.0,145.0,75.70918904227176,23.668550986079417,2.0,4.0,0.6313008402083072,0.38917210247139367,good
0.6643595503837364,3.53552181303225,11.0,316.0,117.33679652109635,31.054277774240234,2.0,3.0,0.882954081799281,0.6095802330846206,good
0.7543340628652719,5.813992962178942,10.0,473.0,136.17716792295218,8.962922063187746,3.0,5.0,0.6010546667603294,0.46914363366689854,needs_improvement
0.663304785667837,5.015830804157443,9.0,629.0,397.16301037617586,24.896727408645553,2.0,6.0,0.7414414478856219,0.5545017995004469,needs_improvement
0.9277501302091156,8.322657170238827,3.0,473.0,213.19016727066943,64.88349693435016,4.0,0.0,0.80008950780628,0.16907133540038194,good
0.9311923117131288,0.2289184687836961,7.0,188.0,21.117115938192505,12.256985114851783,7.0,6.0,0.9641509762265869,0.7187431937829237,good
0.568574344587114,1.7580157418929143,3.0,182.0,400.74957296586626,10.04795093565149,2.0,2.0,0.8119416693439713,0.42767944456800444,needs_improvement
0.49967712813780896,1.643451802002478,10.0,117.0,356.8368175826066,23.61029250969637,1.0,3.0,0.8928324016993259,0.47574168772732217,needs_improvement
0.5555742695239623,0.7892194058240426,7.0,80.0,280.19713486221616,85.36617887012218,2.0,5.0,0.7854685509545312,0.45245642108773293,needs_improvement
0.30673237159354966,1.7066679463520842,6.0,115.0,125.49361889235425,48.86274107371932,1.0,3.0,0.8133043200217711,0.3343973876275437,needs_improvement
0.871983675681599,1.853618073947295,11.0,1021.0,283.388146902825,158.00603286565646,3.0,3.0,0.7716016764758755,0.7990507877257528,good
0.31201700845018593,3.689514321246983,7.0,712.0,130.30205568823854,117.45262617695317,2.0,4.0,0.9313139885607007,0.7059333099119384,needs_improvement
0.5359705726828938,5.448824892854885,12.0,628.0,266.8341683815168,8.192885193599125,1.0,2.0,0.9426101758450396,0.5295563630006609,good
0.7302465324991889,2.3990620005784122,4.0,337.0,424.236399859204,2.174233826479556,2.0,4.0,0.712953063113201,0.5978519059331251,good
0.5905680476590286,6.3553771621272945,8.0,390.0,442.4421149479456,25.46589922416855,4.0,1.0,0.9198049681336183,0.5408685861551471,good
0.6705436003586598,2.048610821986137,8.0,325.0,121.23930495149526,36.91554169974221,5.0,5.0,0.8268235633020139,0.4304999037365632,needs_improvement
0.3461361651028987,1.714449671500494,4.0,113.0,392.2857393425464,36.23918034595599,5.0,2.0,0.8026359096358621,0.48799699823160814,needs_improvement
0.829923671535465,3.895574303121259,11.0,677.0,21.39622796706108,7.199712193906997,2.0,2.0,0.8748956410552908,0.630455426116783,good
0.6762433807531378,0.12001060174226591,7.0,798.0,21.476827356786455,6.666138271126563,0.0,6.0,0.7192074968737856,0.5078011854544264,good
0.6002725074415509,0.41576210881567216,8.0,160.0,158.9327728063799,2.399713727089352,3.0,3.0,0.6024855274058695,0.3952306358950146,needs_improvement
0.9644093527378761,2.7061625100627795,11.0,160.0,211.02128003393167,95.14346605299946,2.0,2.0,0.9007162821789035,0.4775653630225767,good
0.5968443649288645,14.315869017104198,3.0,534.0,33.20944720870145,147.58016021736756,5.0,2.0,0.771338015748853,0.45914181336367393,needs_improvement
0.953643459413969,6.391897589861414,10.0,530.0,127.8000094756554,6.147098391895433,1.0,3.0,0.7510554083435175,0.34928929091558975,good
0.53944704341194,0.4612704044303475,11.0,724.0,19.82326973627872,11.984126500503459,4.0,4.0,0.8589570112795805,0.43873653344620744,needs_improvement
0.48670835374969135,9.364349148578787,3.0,1249.0,184.3106537291235,4.708000735313195,3.0,2.0,0.7397613634326268,0.2975450394608204,needs_improvement
0.8837660391628253,6.589456035429882,10.0,173.0,386.334055255532,104.98309863765365,2.0,5.0,0.7030280820998288,0.6241400867720781,good
0.583987365990651,4.7201923937563315,9.0,377.0,267.6067539209272,159.35521335728674,4.0,1.0,0.8076989392853433,0.3900894730918517,needs_improvement
0.8116414081413805,8.582136564723575,8.0,181.0,95.05680598842162,15.176792553207058,1.0,3.0,0.8490240321253788,0.619741860580216,good
0.8713233678974095,2.588494685986001,9.0,191.0,1016.4411889480555,18.090392592537153,4.0,2.0,0.8244046458798948,0.3884820278987697,good
0.8577605028770214,1.2519381877668943,7.0,286.0,217.49588381403572,22.52336045038256,3.0,3.0,0.8803266101982943,0.20687792280712625,good
0.6284379839620208,3.587439013895766,6.0,1277.0,337.7486490530788,34.90434397853625,0.0,2.0,0.9010582924655296,0.19382263200548577,good
0.7601322772949104,3.979685632529736,10.0,976.0,221.54920730198083,57.357728314773446,2.0,6.0,0.9460801084014491,0.594234372225072,good
0.7783877583330863,3.8644853523179963,12.0,379.0,909.6878710221331,35.09835643553882,1.0,2.0,0.6811880797317643,0.7281374849471656,good
0.3371276707155157,4.1628944893482265,8.0,71.0,344.476273674199,150.7983630249727,0.0,3.0,0.8803689592650978,0.26538754080744664,needs_improvement
0.7414284702112457,14.850802017551125,9.0,552.0,146.55365341489232,5.262107162177998,3.0,4.0,0.7641154819800933,0.32511327702639553,needs_improvement
0.8605380031959957,11.626486523049788,11.0,542.0,91.41892217124767,80.12448344295211,2.0,3.0,0.8565095916856813,0.7791556372703715,good
0.8839357923009384,10.425971749333051,9.0,191.0,229.238179776875,20.359561661276697,1.0,5.0,0.7884089070510139,0.570453835688629,good
0.8451055258773464,8.082735890132374,6.0,784.0,178.42785255315516,23.70441304728583,1.0,3.0,0.9200237163482049,0.24493112025521915,good
0.7518432075399782,14.36121505955029,8.0,188.0,198.49973049023023,61.69230397069951,3.0,5.0,0.8925775718441286,0.29407010166632574,needs_improvement
0.8605401987456005,0.5184464628659138,6.0,782.0,84.01783395311871,132.5200482144634,1.0,3.0,0.9442343498201831,0.8621149184389962,good
0.6587121830756478,1.5402624824011315,9.0,489.0,111.97811233614826,62.97441287888527,2.0,2.0,0.8543530846893063,0.4772027114609443,good
0.9412778144812646,3.4165381965907256,7.0,125.0,163.33278320114263,74.77434947075811,1.0,1.0,0.6457212332871965,0.2454518612896013,good
0.8619130919985593,9.371397240539128,7.0,302.0,365.62254509211425,69.47080988098877,1.0,1.0,0.8573167296461145,0.6332110719450029,good
0.6808863617407889,3.517661716073397,6.0,452.0,287.86217968794546,19.355132189784744,1.0,0.0,0.8593169974568828,0.6981631150669093,good
0.691899498580204,6.892320277518183,9.0,512.0,25.26142338919432,70.72037967060892,4.0,3.0,0.7722309551132809,0.3842306506763464,needs_improvement
0.7428365789787669,0.7480710399174813,13.0,921.0,56.354381061361295,76.74453546027755,1.0,2.0,0.9727786436728068,0.5920981609256801,good
0.7831983410981689,1.4545283999903302,5.0,1018.0,5.403897143494769,38.114180330072884,1.0,2.0,0.8050696064951908,0.6494722050742613,good
0.872321351317976,6.579665905008122,2.0,333.0,1.5984844905179756,38.47509405390143,3.0,1.0,0.8321820122916164,0.5289123103879849,good
0.9487357819864348,0.9000252631400008,5.0,631.0,50.817345611681915,71.29768556001086,3.0,4.0,0.7553262934043826,0.7841966940407296,good
0.6442668352404964,2.1643557412379404,6.0,1460.0,321.2096806724683,84.92188931990356,4.0,4.0,0.8619923412290144,0.6540892095553755,good
0.6668148792089259,1.5385141708199983,9.0,178.0,470.24513583637724,20.56375583068551,2.0,6.0,0.9713579916805232,0.4705614095982762,good
0.5886931503820583,2.152850803036219,11.0,248.0,99.43989848577405,80.86398333267547,0.0,1.0,0.530809078034028,0.4586384915178682,needs_improvement
0.5903204199626304,6.16055925033289,9.0,107.0,165.655328331961,84.15664644436053,2.0,3.0,0.7659194886467061,0.4017184516170592,needs_improvement
0.7712686944014903,2.29312056037715,5.0,243.0,244.87088917336192,13.336857239077876,2.0,0.0,0.8355209055912097,0.6872125770279655,good
0.6591680708240923,4.0513645407923775,10.0,475.0,611.2523517990445,63.10671758328418,0.0,1.0,0.7913708493355454,0.6255193827933301,good
0.6614574998030279,0.5264241318028319,5.0,74.0,488.21371637194557,10.322552591162989,1.0,8.0,0.8138880577803062,0.6976923673581851,good
0.6695045345034302,8.17423229535785,14.0,572.0,11.77858887567321,4.883348958117533,2.0,3.0,0.930331048453673,0.7925992559008755,good
0.6321997229232356,2.3092934526780686,5.0,276.0,57.04790310730626,42.72957109888547,1.0,2.0,0.9061325220419953,0.7242890064582177,good
0.5546529389784273,5.228213766014843,8.0,383.0,10.078643905860284,119.65405331631418,1.0,2.0,0.9709857318955151,0.6235283774575551,good
0.9575456535531385,6.462009595734153,6.0,158.0,191.70525592984438,1.8051481429205567,4.0,2.0,0.7464045561667692,0.19608302336266953,good
0.6243781501079966,1.1764660654478938,13.0,371.0,247.91537915705564,87.5793559113606,2.0,3.0,0.9648904209770457,0.7375315139252191,good
0.7572521680071184,10.800004595332753,8.0,1545.0,73.71579253673657,35.30870424182459,3.0,4.0,0.646299883657482,0.49688385854817935,needs_improvement
0.7721269170525672,4.7884844277096,6.0,292.0,384.6269687004002,98.62647305572327,2.0,1.0,0.6581588310721035,0.6699673296207604,good
0.7433045054569336,2.799424110934922,7.0,68.0,120.59284282717518,92.72759503812095,1.0,5.0,0.8691956179582575,0.3424509697914974,good
0.9096624816477648,1.006513931147411,5.0,1065.0,1285.2529624843737,104.08693082337443,1.0,5.0,0.7622280490477095,0.7842840183609511,good
0.6348294501753957,14.262571801935692,11.0,622.0,0.07995449753969554,73.23960335428575,5.0,4.0,0.7522428552185433,0.38087320327610896,needs_improvement
0.5219529749634771,7.033877457021011,11.0,434.0,23.19212384745809,92.57303888332991,1.0,1.0,0.8181298274402373,0.2502176315708398,needs_improvement
0.7311380535503712,1.1661245060036163,9.0,635.0,71.84800130453104,9.680767040209211,1.0,6.0,0.9203831679126541,0.834701440464108,good
,,,,,,,,,,
0.5658309545410637,8.295091218328505,11.0,1502.0,304.96371507851114,13.88567427026267,0.0,5.0,0.6451194804217852,0.20853551134965628,needs_improvement
0.974346229949354,5.94833910472898,6.0,736.0,10.843046106337416,67.82285827546697,1.0,3.0,0.9333350030638189,0.7941334235228158,good
0.808971095578615,7.257563811219575,10.0,280.0,276.4442401773079,8.340708180384256,1.0,3.0,0.7491494516991491,0.50725111029448,good
0.5923734651459167,2.9098281203268184,4.0,1330.0,10.800119331298248,10.058572675224893,2.0,6.0,0.7913051959954442,0.512488541874233,needs_improvement
0.8842095518611868,6.3022971483110135,7.0,1730.0,58.26501058507105,105.5836605800267,4.0,0.0,0.879846459242061,0.25683875288924846,good
0.5514755026439897,2.4428239160142597,11.0,835.0,368.1187146023109,61.18874437629568,1.0,1.0,0.9708143730463894,0.3095332789906774,good
0.8413496045557047,1.1866112086381,10.0,558.0,603.5763309547938,104.12429973400627,2.0,4.0,0.8155968231658949,0.3691196879576931,good
0.7166616634404209,5.00756901928339,7.0,203.0,107.06681773819189,7.503673546107632,0.0,5.0,0.552790567778922,0.7427650938076672,good
0.8351543935946855,18.65140925158879,10.0,698.0,700.9050882487785,25.456387012758064,1.0,10.0,0.6483003938675906,0.7992214074163149,needs_improvement
,,,,,,,,,,
0.7958070678721217,3.089916472371617,3.0,394.0,107.51440227977116,0.48641258235132717,3.0,4.0,0.5860001751051226,0.4910705824295568,needs_improvement
0.6385190001566511,5.604310516800104,7.0,705.0,324.70873041799086,16.74028852808071,1.0,6.0,0.7983994558524854,0.6083417457666342,needs_improvement
0.5696225594634544,3.8990434442309816,6.0,432.0,70.00471415791226,23.86819262608439,1.0,2.0,0.459311970650028,0.4611693997717877,needs_improvement
0.7343153929292701,9.27119003064378,8.0,625.0,61.79374316103594,4.837641043885718,0.0,3.0,0.9472174287881171,0.3424520822008197,good
0.34842454507963816,7.172020619933814,9.0,923.0,213.74139487302747,41.791739075259486,1.0,7.0,0.9050893829734427,0.7124863558771642,needs_improvement
0.7124405489868172,0.30032778612962174,10.0,139.0,99.01911903894427,24.158306808638216,3.0,3.0,0.9080948963444948,0.37623406535347687,good
0.7285970993072155,32.255558507343856,12.0,177.0,29.217527691491398,2.3787823692517116,2.0,5.0,0.9103935944897313,0.63965091115968,needs_improvement
0.7253571344863469,6.979753241174019,10.0,194.0,13.862349169375795,60.86622123670302,2.0,4.0,0.8739452947805189,0.547446483849679,good
0.6939958019310778,9.971948681102543,7.0,1904.0,310.0853430018667,65.33347943989288,5.0,5.0,0.8418921796533041,0.5313578143528234,needs_improvement
0.7734441601952547,5.2662501380457645,7.0,669.0,225.34725640193335,89.93057745082194,2.0,3.0,0.6960036267218994,0.5643569235525986,good
0.499217728683041,9.699619990943033,13.0,721.0,106.13704690338446,33.231931906389114,1.0,3.0,0.6001930909661035,0.3843512439162185,needs_improvement
0.7416335068655664,0.5960745354498701,8.0,995.0,453.1111156971442,173.14108340071118,0.0,6.0,0.9548432407986007,0.5731639772243954,good
0.7092867520229441,2.1365435258632717,13.0,174.0,105.81718404370397,122.70770638410123,0.0,1.0,0.8345652640532875,0.5339488769793357,good
0.8084843483197984,10.454370974772704,5.0,78.0,247.7787485043128,40.07579137224285,1.0,3.0,0.8611915974674355,0.5111386918691309,good
0.75848563603728,1.1260735438220577,7.0,383.0,479.63266720086455,29.435027915022832,4.0,1.0,0.8170299420766534,0.3353873200150401,good
0.7494863120137767,0.4073633485522652,9.0,827.0,367.41262165184577,0.1519520556969852,3.0,2.0,0.844758380626398,0.8143612320008706,good
0.6548088596104057,7.758650996139938,3.0,344.0,143.12141580174531,62.065483486559025,3.0,4.0,0.7771926956299756,0.7622857324033142,good
0.6944689566783886,9.0238027604743,11.0,134.0,228.28499794529728,41.61523324854613,2.0,2.0,0.9672634125226083,0.35802299300431095,good
0.9535489799204389,0.8875789243228648,5.0,195.0,106.77306102189338,138.66476497920303,1.0,3.0,0.8212754825880397,0.5984276602890253,good
,,,,,,,,,,
0.8986274411406451,5.804052481938317,8.0,247.0,59.560606966696014,247.07477891868152,1.0,2.0,0.6383086043806167,0.43339929672421346,good
0.7543069833985184,3.6707072330965325,4.0,159.0,114.09464323294642,96.14557794228192,1.0,4.0,0.5232958421400884,0.5289617455944818,needs_improvement
0.7045332467386298,8.867148241111193,5.0,453.0,47.02949661707434,153.52056669963667,3.0,1.0,0.5983307906728556,0.44528805415194544,needs_improvement
0.49524974334136435,2.717168073631411,15.0,260.0,7.786621060622867,19.84976179439447,3.0,2.0,0.9161756727899273,0.6058501500840733,good
0.8011464229089272,1.078320190107424,4.0,669.0,177.6086211558001,8.086902591768308,3.0,2.0,0.9705213454895922,0.6369239558884285,good
0.6219434060915303,1.6763335540719624,5.0,184.0,399.65246760753746,79.69597584952342,3.0,2.0,0.8872748802192011,0.3367760385964403,needs_improvement
0.45802675730588394,3.5176446070476066,14.0,494.0,5.182217223318984,77.13503651459234,1.0,1.0,0.6143515486995077,0.8384974864484784,good
0.7405329905203086,3.7892903712779358,5.0,391.0,43.63860028883774,11.877905902810637,3.0,2.0,0.7246779917792032,0.6068327433447379,good
0.9673278224103471,8.188693812009186,12.0,553.0,123.30578010246349,72.35418882937164,3.0,5.0,0.7634657554083193,0.505641114590015,good
0.49835271911400486,7.835550628596863,13.0,619.0,219.26108042099216,43.61050558727166,1.0,4.0,0.8427490448741668,0.2715440116979366,needs_improvement
0.766538161359746,4.353797900756705,5.0,675.0,37.56232642396905,5.800020674310304,2.0,4.0,0.8537664581151854,0.8251811455579324,good
0.7625089988412321,7.588522502893139,6.0,784.0,11.673086298213565,34.836037665612785,3.0,3.0,0.5257943605685925,0.4532806074294872,needs_improvement
0.754335817829852,1.0645644317969796,8.0,622.0,146.39785965229186,133.78253946173348,0.0,3.0,0.7761966800028491,0.7806538205156341,good
0.8315575703340327,0.2568060997526933,8.0,511.0,341.53114743180544,35.30731981710714,1.0,0.0,0.9806229740529004,0.4469905422586633,good
0.5759113194946054,10.34285708605844,6.0,236.0,7.174127323308288,77.72357861622875,2.0,2.0,0.8561253166405007,0.6943495108860527,good
0.6709062362051663,0.39280586964917313,3.0,796.0,85.96266198834648,1.4668056639893563,2.0,1.0,0.7737029758435943,0.38646124140589655,good
0.7774403463060703,1.4163818242095796,10.0,231.0,217.8401886043158,65.11262847418723,1.0,1.0,0.7562256656424868,0.6970849934942634,good
0.5770233497891692,5.94244893005998,6.0,319.0,28.02306236412494,146.71999383109898,4.0,5.0,0.8033415977163544,0.243098728642436,needs_improvement
0.5635221921799868,2.633487403194855,7.0,202.0,53.823565697817386,34.610159801971804,0.0,3.0,0.6747057535678391,0.26766222543690416,needs_improvement
0.7355701434572628,10.450044698985826,4.0,199.0,153.35557680205997,20.60258105896105,1.0,1.0,0.8110055138485386,0.4547819949107893,good
0.6714422661736134,1.7689654641907773,7.0,313.0,612.5099156502052,52.014882035203826,2.0,4.0,0.9443801646594803,0.7048262050390287,good
0.7149202034551619,0.05971186894962667,10.0,334.0,67.75090091115425,124.00265144023714,1.0,5.0,0.6696844806923686,0.7600125994443799,good
0.8914976688657291,1.7880600611130049,4.0,210.0,133.7016148443812,9.725961373551343,0.0,2.0,0.8041709685635094,0.5673530490561312,good
0.8193792859466061,4.314639112160237,10.0,410.0,102.14208043565665,25.850083653036155,3.0,1.0,0.4650561021237893,0.43242702178059816,needs_improvement
0.663465848805122,2.3575307906119,7.0,457.0,455.37698208350383,8.49733891789653,0.0,4.0,0.4692857243228624,0.6887093476574325,needs_improvement
0.7572515539909722,3.82722133649392,11.0,260.0,14.920974447403266,34.3238966973766,3.0,5.0,0.5830522968944536,0.5320880653385552,needs_improvement
,,,,,,,,,,
0.40894081601526355,12.179728457044707,7.0,526.0,374.3160492529306,144.30230958256257,0.0,2.0,0.7879476029406869,0.6067226579744945,needs_improvement
0.7148826760092241,1.5460545836657942,9.0,443.0,886.5390069765033,26.59524134717551,1.0,5.0,0.8768398247514007,0.7860008991356988,good
0.7945298919647389,3.100789278228816,6.0,234.0,239.9466922915344,41.84586781609642,1.0,4.0,0.9084597761602635,0.4748205557162231,good
0.8717313535270071,3.9830365736736524,8.0,450.0,95.58634697049153,108.25545069297667,0.0,4.0,0.836043470068216,0.7878574846363755,good
0.8793761378133916,14.890685589780464,6.0,489.0,106.14593110222647,19.38653975147808,3.0,3.0,0.8560013179120636,0.633392632359217,good
0.8788043508054824,32.918655148917026,8.0,402.0,86.67486024118138,56.068034476943076,2.0,0.0,0.8317793927581695,0.498782927165962,good
0.8577354064264148,1.3420596916588172,10.0,1255.0,185.07290480244168,70.76800510415825,2.0,5.0,0.8606046211348279,0.5389886607357512,good
0.6633604630334864,6.491048775905945,9.0,103.0,268.9581517010607,20.06331437681689,3.0,2.0,0.5981896863463271,0.2722420625894118,needs_improvement
0.6122429358497128,2.374325633858146,7.0,297.0,342.368962849091,8.976743293157837,2.0,5.0,0.7364853170487511,0.39988052180742256,needs_improvement
0.6561995181415002,0.04070623543757781,13.0,714.0,107.77408219926816,34.94916306010383,2.0,5.0,0.7942682593775945,0.42148243520013906,needs_improvement
0.6784419814092639,0.04647796450554546,9.0,196.0,252.25577681997305,22.065112550243132,1.0,2.0,0.724554530676126,0.7603674443728581,good
0.7615557181161648,3.0861742564112276,10.0,117.0,495.9183804937335,15.493823248841219,4.0,5.0,0.9387273225451652,0.3112373879572367,good
0.4789674184281986,3.3504249746930177,7.0,266.0,507.21841808438757,181.38227691017553,2.0,5.0,0.7648498158639344,0.12009452000171673,needs_improvement
0.8911411648478524,0.11414145253519345,9.0,929.0,243.49876232054064,34.873125782121996,2.0,2.0,0.9127835243765884,0.5490393388414497,good
0.5764799908918402,5.8066011001788596,7.0,200.0,202.61660794445837,97.06324061313657,2.0,6.0,0.9028881443958137,0.5560953234565124,needs_improvement
0.6292787328315191,1.7407242060498949,9.0,303.0,151.65496726465202,10.865368906570826,4.0,2.0,0.7634718814375927,0.6628740892781047,good
0.7404023155107218,4.10368815261499,10.0,565.0,40.471631462931995,140.2083163214525,3.0,3.0,0.802999540636539,0.5328341159142209,good
0.713128238308816,1.7899438414649225,6.0,253.0,26.39330127796867,79.09878244814774,2.0,3.0,0.9047217415923209,0.6684028702139365,good
0.8374038070792574,0.9144144607817135,6.0,283.0,132.9939855852515,82.69357003530318,2.0,6.0,0.8324873356608676,0.4673284632503608,good
0.4680571784976578,2.614269526861591,1.0,239.0,34.73837743669698,24.69554727916311,1.0,6.0,0.7599832092816111,0.2937216036716809,needs_improvement
0.6482553056872921,1.3216077646755227,10.0,256.0,172.07658484265292,33.24130118240067,4.0,2.0,0.9635281457250519,0.4287024059140655,good
0.9212613413823948,3.826449791690222,5.0,159.0,207.5237946650088,44.99065261588427,3.0,1.0,0.9132999757285489,0.5091432151443106,good
0.5399344408023439,1.108401426342196,13.0,328.0,149.1474620508108,77.97659384096262,0.0,4.0,0.9653272287085541,0.5577827036662467,good
0.6308949588379466,3.550510294500086,13.0,945.0,7.421346040745128,94.54256771365839,2.0,3.0,0.9060835069821436,0.515950653149247,good
0.7345815525460384,0.8561871557476011,11.0,1431.0,11.892251003512913,4.06295995486054,0.0,2.0,0.8537458816906073,0.43376729528257363,good
0.7585959233913051,5.558103301536516,9.0,1096.0,24.059004163527568,117.2028584454332,3.0,4.0,0.8488005054643463,0.6480178351502317,good
0.6984019329167863,7.0108522992495415,7.0,450.0,33.36346735345779,138.62675818711193,4.0,1.0,0.3326035474381081,0.3460481621010142,needs_improvement
0.8200799380125999,0.5848843711151255,6.0,1520.0,918.6999852168627,44.933274201372754,4.0,3.0,0.8337735844170818,0.5483168882189355,good
0.746691928791484,3.153702263248783,9.0,2546.0,84.46987475356006,10.335873385407814,1.0,2.0,0.9294240784126008,0.6004333559860168,good
0.4957981536970268,0.3675422245951779,8.0,466.0,69.05471562885681,85.30152470167076,2.0,2.0,0.4566196123935013,0.6705606431223745,needs_improvement
0.5294369199026701,4.558785690068042,6.0,182.0,10.73641550753308,39.76869885571166,4.0,5.0,0.9314714957990724,0.6224511496589175,needs_improvement
0.760863934726736,1.5353731451138606,10.0,1152.0,201.74721871534751,84.96716101746371,7.0,2.0,0.7753929996864078,0.7293834475174559,good
0.6612349464798933,3.7499048373062163,9.0,154.0,211.22023653565213,84.318141890236,1.0,1.0,0.6223733552146637,0.749674610051016,good
0.844056042906704,3.643467759508888,7.0,198.0,38.58318135045128,4.536148221867767,1.0,3.0,0.91871437574594,0.6552256535198242,good
0.6178013492216263,12.908476458686152,10.0,76.0,503.2585132028787,46.70000968578088,1.0,0.0,0.8797559255520112,0.2804991228157547,needs_improvement
0.8494259927502235,3.982362427421189,8.0,721.0,322.3817390562604,32.99957761344068,4.0,3.0,0.9557413203062299,0.6406966224944303,good
0.7666117392956887,4.373327057152732,6.0,63.0,52.35590945953186,146.04930454026558,2.0,3.0,0.7293717766841367,0.10613820111331881,needs_improvement
0.9272242073932077,2.567923179747418,7.0,892.0,133.04794079022452,17.59441319998669,1.0,1.0,0.8763686339648605,0.5206463410176124,good
0.7196946347700148,14.887458561849867,10.0,1715.0,122.64213491700498,11.533597573836472,2.0,1.0,0.7208958529700277,0.4068350598235563,needs_improvement
0.8283207400533512,7.507087649195223,5.0,1607.0,85.70185266552066,113.69349544100345,2.0,3.0,0.7970261699830143,0.4996840269570293,good
0.6580929764029245,1.6801986829340803,9.0,146.0,340.34870619947554,8.050448732097855,0.0,6.0,0.8825425328116683,0.5702605423337603,good
0.362479258802641,9.296218368007683,5.0,90.0,23.141547380616228,58.000899506603446,2.0,3.0,0.9353108387029622,0.5249425215884985,needs_improvement
0.7005194947170179,2.831659605380123,8.0,241.0,107.33614763446346,17.835162491382075,1.0,4.0,0.7010164714251603,0.43403563195100536,good
,,,,,,,,,,
0.6490613894324588,8.65486681877645,7.0,1056.0,126.49532781431694,47.88421647095406,0.0,2.0,0.5620297364306911,0.21887942678300357,needs_improvement
0.39016223168011177,1.0466358601601653,5.0,686.0,395.1604885440108,27.01008550311432,3.0,2.0,0.8053274301149964,0.3592602474537309,needs_improvement
0.841380830226827,6.038919141700845,16.0,615.0,49.22279004239527,184.37398218947735,1.0,2.0,0.5800773472237222,0.8687771668491348,good
0.9439164797600872,1.7169815490711118,2.0,2667.0,21.722754466521554,7.068569006163916,1.0,1.0,0.8384696754086425,0.7831254362415173,good
0.9772864016779285,1.7654972182726703,8.0,275.0,192.36667796203898,24.82962723513509,1.0,3.0,0.5107060044562884,0.3588004983591792,good
0.7427429537052594,1.7573573624040386,9.0,216.0,38.19202640964103,28.140635734728153,3.0,2.0,0.6950023632706159,0.358407499326323,good
0.64153768887897,6.465263369677862,11.0,155.0,15.577624693434197,49.85429380442019,3.0,3.0,0.4811284971718093,0.1599147011185841,needs_improvement
0.8903256863496124,1.3056943495023905,8.0,570.0,111.25151381383465,26.149950837625504,0.0,1.0,0.910865112270947,0.5427022235980541,good
0.7119338209814713,0.00453122881381229,6.0,349.0,49.60163364669417,5.103630303188021,0.0,3.0,0.9377883834241306,0.30002954642422236,good
0.8166827556206959,6.2804875454533695,11.0,780.0,89.63797574809426,147.28048147729956,1.0,5.0,0.7989696807800337,0.6695985778987265,good
0.6796131143617583,0.9387900005574791,7.0,281.0,60.142947337760056,26.899485954402717,0.0,2.0,0.9529387370604443,0.23878371805800136,good
0.5839922017201816,0.5517669930510644,10.0,667.0,19.442419259434125,20.978738687389807,1.0,1.0,0.7053446004571564,0.3869175119989257,good
0.7258867314020924,1.3558695624338117,10.0,296.0,164.35399222523804,29.594745786665577,2.0,1.0,0.8652507000075969,0.5350669993566302,good
0.8327717226495648,2.3893768297338784,8.0,354.0,5.478025220234944,12.205317302941662,0.0,6.0,0.6220787875065693,0.6726410705588906,good
0.7235608329503911,3.2304242313670954,7.0,382.0,678.4991580779019,5.280343114858457,1.0,7.0,0.7977521942926177,0.6220825101245124,good
0.8077545578442522,0.2279691033528055,3.0,103.0,83.5066841461083,8.042397442244896,1.0,0.0,0.7391140925545553,0.6432125342958014,good
0.8309127513645158,17.629269811353943,13.0,360.0,237.59201272098602,9.115367464957654,3.0,0.0,0.34860072096473166,0.5754472126426696,needs_improvement
0.7525393575453199,6.295015422768836,7.0,632.0,332.5285776868026,11.011978486159151,2.0,1.0,0.886455004480535,0.17627025502787572,good
0.8511104523018544,1.9518535099987544,7.0,183.0,65.45229995002774,27.23292890922522,4.0,1.0,0.8381530528969102,0.6002729908460237,good
0.8050702949664216,1.91874257751498,12.0,1859.0,276.25237635063445,48.89491349965604,2.0,3.0,0.5058724302071048,0.0862204929864948,needs_improvement
0.7222391896054333,2.975952976691583,5.0,405.0,357.25990687704206,49.56254693435632,0.0,4.0,0.765965581091108,0.34969274816986784,good
0.930781543295377,4.920771511170693,7.0,244.0,55.23431036369614,0.004878716107310139,5.0,3.0,0.6936349323937193,0.6383552425255996,good
0.44375580754412625,0.7913051338077268,7.0,238.0,978.4285526001989,126.888585399617,3.0,3.0,0.7941762080415999,0.5026913031580517,needs_improvement
0.6020134558091872,1.0470034289072014,6.0,1207.0,4.181138389458436,86.53712660446374,0.0,2.0,0.8870231596756413,0.6370993017079802,good
0.8207558459463243,9.810411479797093,9.0,208.0,48.92463926383214,166.12583465953762,3.0,5.0,0.652272266549555,0.6712281111048499,good
,,,,,,,,,,
0.6750272435078399,2.3917518163786635,7.0,817.0,43.166822358814294,54.651287626433806,2.0,5.0,0.9398055059976137,0.6279195572149415,good
0.741657473754914,10.250262349795578,11.0,628.0,239.637821310368,9.197388874082142,2.0,2.0,0.636341169954083,0.6334692653175413,good
0.5558227023395514,5.440555538889899,10.0,257.0,386.93724173532286,84.92248095212189,1.0,2.0,0.7161642535034175,0.3024175003282025,needs_improvement
0.840491854063735,2.0905628507723812,4.0,789.0,639.8846156480571,8.799147789158535,1.0,1.0,0.8394262003775745,0.8540595436126542,good
0.8430750756712021,5.755313562273741,11.0,456.0,128.5849477181501,19.725197643805235,2.0,4.0,0.8359345093485981,0.4736718636554877,good
0.8264236124698057,0.09939754970308233,9.0,101.0,708.8458815642045,33.7491433506104,1.0,4.0,0.7267237208323325,0.31448995666009794,good
0.7656256126239077,6.652267652550582,11.0,1073.0,106.07723694428897,45.1356253378509,1.0,2.0,0.9401278869965446,0.6732998665456557,good
0.8709991812779259,3.3375535118153428,4.0,246.0,49.21285708831876,41.00734319861862,2.0,2.0,0.9917655308933078,0.3004323824782394,good
0.7516804118949091,8.388105932358558,7.0,350.0,144.27717437719792,5.384606683385413,0.0,5.0,0.8276077521067806,0.3247184470951336,good
0.754640728147275,15.465364286882474,7.0,516.0,209.86344714471807,27.381050934001266,1.0,3.0,0.5331796193548707,0.42767434699324985,needs_improvement
0.7605879391879785,13.004184106173087,12.0,263.0,122.48431945363458,128.13860819720088,0.0,2.0,0.8026299879500397,0.5243568131626899,good
0.7674825986378749,11.99906293840578,7.0,739.0,167.39078264100314,102.93041453856159,2.0,4.0,0.8092412799097494,0.2534703496068199,needs_improvement
0.6207141149191057,3.588941020727605,14.0,166.0,107.71104113000199,44.67554899820923,3.0,4.0,0.8189688673047866,0.14177294562215076,needs_improvement
0.5878140019568501,2.232545903140019,7.0,254.0,148.78789021039685,42.46953624798227,4.0,0.0,0.9403114964796504,0.27056473638111467,good
0.4730391914128233,3.1277728090000596,3.0,1075.0,609.8083490610524,5.920890878414691,1.0,7.0,0.6600906735745082,0.5847935368732339,needs_improvement
0.5521543831754854,5.854237822893921,9.0,411.0,138.5619085277416,11.173395965184886,2.0,5.0,0.727393831518016,0.37696674944584474,needs_improvement
0.7372546556213507,10.77072961577927,13.0,173.0,58.38611901379459,14.560396891077387,0.0,2.0,0.8589810861300203,0.8125899250481327,good
0.7681645038848898,1.159573925566257,6.0,429.0,284.3815069536253,33.49065046520914,1.0,2.0,0.975567989658623,0.7239416589710403,good
0.45076256049152547,12.516972007416767,5.0,556.0,82.37244253846254,65.71841874899178,3.0,3.0,0.7763442633700188,0.4881748010586778,needs_improvement
0.5620562873881123,8.441870778177567,6.0,113.0,338.78921681676354,30.876514675664968,0.0,5.0,0.9380204035965156,0.5944656459813196,good
0.6173999661230365,19.281999097655394,5.0,1515.0,11.704289666497662,6.73723738424407,1.0,2.0,0.9309993036996126,0.6878403397624187,good
0.6214574383103426,10.611819254992799,5.0,1688.0,80.74671474849137,28.93282255326787,3.0,2.0,0.9483861421993649,0.6667648565574591,good
0.533243322827377,1.6420851433270265,6.0,444.0,19.822660319908337,8.874656844799226,0.0,2.0,0.841890802864653,0.41556012141249477,good
0.6056505846553754,0.5600009442732811,15.0,343.0,17.835724589753365,69.54471657758499,0.0,4.0,0.761885921340599,0.5046123560392426,good
0.6546215212437976,0.5952752515732533,7.0,410.0,214.8168506102618,9.106130453543008,0.0,7.0,0.6274235152856565,0.8069344522836548,good
,,,,,,,,,,
0.5006099250237391,4.7619699584915445,10.0,579.0,410.33250249415306,59.11278398385045,2.0,4.0,0.6276650485219873,0.08055527636017815,needs_improvement
0.7595752941359691,8.156381367632672,10.0,488.0,145.30155690389225,12.951366069445115,3.0,6.0,0.5703491202419576,0.5275989053619006,needs_improvement
0.32832289209175314,11.475580625617042,7.0,1219.0,70.00888665129455,3.9537895947202126,3.0,2.0,0.8626367697446017,0.7204734266152383,needs_improvement
0.687025133708576,4.88755228980395,9.0,997.0,255.22906508202098,41.425380937705235,1.0,4.0,0.6597368973822718,0.733121652459173,good
0.9010127929383899,0.028236141841839993,6.0,187.0,195.64215901241346,2.786348245773026,1.0,0.0,0.6514104422934484,0.6966420380309014,good
0.3173922707366385,1.0309207453215639,7.0,820.0,321.48261359240564,44.308527052345376,1.0,2.0,0.6552379320943493,0.6826924015661161,needs_improvement
0.6776704024113176,0.5252817199100945,9.0,1013.0,206.33373785257558,70.0193676401906,2.0,3.0,0.7772741908381434,0.7030563320902156,good
0.8589457182934676,2.257475669937599,7.0,504.0,36.54754878130036,19.972858970872846,0.0,3.0,0.5616031564809212,0.44539561144648226,good
,,,,,,,,,,
0.4579151222089859,0.22183499156869296,9.0,315.0,99.3678440930793,132.0863312081735,3.0,3.0,0.8147803487797195,0.61333624397977,needs_improvement
0.7455228087301009,2.142220388048697,5.0,153.0,124.40471410472769,31.84863303471731,1.0,5.0,0.8792305706536034,0.5377137998406901,good
,,,,,,,,,,
0.5037615752492631,5.2074300653903265,5.0,138.0,89.24618530931097,8.539559071619163,2.0,3.0,0.8077927594286245,0.8094058817290083,good
0.5563296173863621,3.120646993943461,12.0,1548.0,189.3289286665363,61.710244918508565,2.0,2.0,0.4733583459036335,0.5420762105612522,needs_improvement
0.6663863118433812,3.419130257211009,6.0,382.0,90.34843258164726,52.866598100308536,5.0,2.0,0.7023231573091903,0.24150804395286377,needs_improvement
0.7771028265785843,2.7903880030544963,9.0,1094.0,19.903851891694867,102.90546053369354,1.0,2.0,0.7187228644089071,0.23132395564237213,good
0.7274353364574222,15.620068555171185,1.0,410.0,120.85346879676608,4.8499569240991995,2.0,2.0,0.9823388670472458,0.4371106288495082,good
0.5130137169804924,1.208670989429117,9.0,853.0,181.79426904154636,16.43955203932473,1.0,6.0,0.5847218672146824,0.550692910980838,needs_improvement
0.33034592820565045,3.6352187630733073,8.0,577.0,104.68199243397753,7.088503346634613,0.0,3.0,0.7997459559353375,0.40198648943451154,needs_improvement
0.7320391785520207,6.659359836313328,10.0,236.0,99.077804925384,135.22417018861012,1.0,0.0,0.7055732032566249,0.53628330490179,good
0.7624061017507859,4.069171793557978,10.0,449.0,343.3806994329626,27.81166665102423,1.0,3.0,0.9154544319644019,0.6207283637996851,good
0.8878692992969075,13.226848051206035,5.0,359.0,6.0269390988779685,120.43387467352807,2.0,5.0,0.989326480331493,0.23056861957027444,good
0.39499990286244757,2.3738215618113556,12.0,674.0,70.07763421747192,17.435834348937043,3.0,4.0,0.8050085263140047,0.31296219878174575,needs_improvement
0.5570402781229018,3.115082303889479,3.0,451.0,334.004601469634,6.754808032450928,1.0,3.0,0.9088958639706274,0.4973383554760753,good
0.8400990346607572,0.4634408351118956,6.0,507.0,506.47551141205673,17.587019302156087,0.0,0.0,0.6013146335245849,0.4789890527452714,good
0.8468768798646774,4.695227227374382,6.0,177.0,106.30759213038017,45.46257320382129,1.0,3.0,0.8971811912432376,0.6524962742527811,good
,,,,,,,,,,
0.4134017974641237,0.8736067951166357,4.0,426.0,44.361419484595466,24.33842432919665,1.0,4.0,0.912079516402284,0.6680025878670638,good
0.8037979987498725,3.9321413238087595,8.0,466.0,50.058521838651245,123.14277423712807,4.0,4.0,0.8469000208331618,0.6531209611861714,good
0.771929575133437,3.799750794284666,7.0,173.0,374.4092308925838,14.001045358477995,3.0,5.0,0.5565275987012976,0.5089125014935749,needs_improvement
0.921975400292229,0.39452150282127446,6.0,637.0,467.1409928260088,59.13351402769774,1.0,3.0,0.5758172673222035,0.633417504060722,good
0.4593981170291456,5.99020969190546,5.0,659.0,50.41299659429613,66.53604856278072,4.0,4.0,0.9536935799930325,0.8528344372277294,good
0.6751469415198332,4.887802215661889,12.0,457.0,12.231343038932211,16.0077095079729,3.0,2.0,0.8954563529189611,0.5396184472437624,good
0.8079216344952572,1.0475426775435532,14.0,408.0,18.93338749796883,1.36701198609462,4.0,3.0,0.780969734824705,0.48753583039307324,good
0.7968571373186701,3.169062713525666,10.0,146.0,60.59456593417904,22.725205848340387,2.0,1.0,0.9085455624380455,0.18915521260062532,good
0.6633903250657313,6.370598072409043,7.0,144.0,286.6344956866116,2.312467472307382,2.0,3.0,0.7193239993068684,0.6064413178624843,good
0.8704863855652488,3.769113761622597,3.0,553.0,142.66664200995416,115.50756997275012,2.0,1.0,0.7011706926683834,0.5872338005721973,good
0.41591893664772966,2.5166776913053504,4.0,208.0,121.61010258038844,153.4423201464095,1.0,3.0,0.6234257830225179,0.5281632026168024,needs_improvement
0.42885590337679164,1.9455365819662735,14.0,220.0,175.4812896604308,66.47300633637673,3.0,3.0,0.6406750090954236,0.704818526050265,needs_improvement
0.7585701606925432,4.713094823188021,6.0,504.0,441.8610554372225,64.85643927835298,4.0,1.0,0.893056464789948,0.2762537217094723,good
0.7133143582153553,13.99332471931886,10.0,2059.0,18.9567471844897,13.78060505296519,1.0,1.0,0.6285101628419932,0.40736324154187975,needs_improvement
0.8318434007231277,5.5698202382578845,10.0,293.0,237.30788232715145,3.8400338338963413,3.0,6.0,0.8723016442615312,0.9213841793320501,good
0.740718890392228,0.38843440210480246,10.0,2080.0,522.8869612963503,81.0008425958955,3.0,5.0,0.944971161892684,0.7173354837865067,good
0.6090474148122571,3.0872770701173806,9.0,379.0,47.99438187590854,40.95388313488371,2.0,2.0,0.8734396139246063,0.42025657825414137,good
0.9067952064003205,11.073976123107839,9.0,633.0,363.750894690867,57.22666473952175,1.0,2.0,0.7655736234296305,0.4309381174933251,good
0.7071840285751438,0.4961325349672593,5.0,869.0,239.4820177323941,75.62487766976564,0.0,2.0,0.6784111526686682,0.701639703346229,good
0.661764399498542,22.493122326710786,8.0,921.0,2.9148452065190664,26.333716765914883,0.0,3.0,0.6966090711629732,0.17474374199287712,needs_improvement
0.9608250514148865,14.886456162549738,6.0,529.0,52.692009818199104,7.806182324399404,1.0,4.0,0.7669600636521406,0.25642530797233754,good
0.4944396636127934,0.4075390059489796,10.0,335.0,186.20208788128986,79.24624125223541,0.0,0.0,0.3768878209549045,0.706051985309961,needs_improvement
0.6934182205902941,13.546253640949427,11.0,782.0,139.59188396293166,30.235358157430454,5.0,4.0,0.7830039280199342,0.7049658833594038,needs_improvement
0.8000575356202062,2.255968965249039,9.0,566.0,150.1282488620655,87.7012904217522,0.0,5.0,0.5211052677624477,0.6827012679277653,good
0.6822994964532533,9.312277893732812,8.0,284.0,52.77499139557859,28.785912313726,2.0,2.0,0.8220347400645511,0.2088563991134695,needs_improvement
0.5922328795410483,2.709718520622479,9.0,1245.0,224.78815516257765,12.23217695475414,2.0,3.0,0.8086587269752326,0.30452829787668073,needs_improvement
0.8256087688352336,2.906733246272512,5.0,581.0,61.963280104924266,9.377058765862092,1.0,2.0,0.797118343318567,0.22891456039138783,good
0.6297523100912569,5.028931746233817,12.0,221.0,98.67409321798932,68.11361213798686,5.0,1.0,0.7185378763058854,0.5529753993820999,needs_improvement
0.8635921696341132,7.4466749440214635,5.0,201.0,92.063233995604,42.77026282697103,1.0,2.0,0.7088929994535689,0.7977014763337811,good
0.48855390533419796,0.17186599173596964,10.0,1933.0,222.9635920917802,25.9263350933982,6.0,3.0,0.7721424774331318,0.621356860447815,needs_improvement
0.7716410568159886,4.4966272420203985,9.0,272.0,18.917695629033563,33.87518464210393,2.0,3.0,0.7098766638313355,0.5687547000853683,good
0.6174597694738657,1.0334790140405472,14.0,736.0,46.01900665522835,39.88524595831332,1.0,4.0,0.7301040232081127,0.33398354068587843,needs_improvement
0.7891780426029354,2.1228537034615114,11.0,545.0,44.75301655624332,13.683465031847572,2.0,4.0,0.799379553270451,0.3245359674311019,good
0.8700207971643283,2.138313300830442,10.0,717.0,22.953070365581247,23.754071349181473,2.0,6.0,0.941894553826192,0.7998246143559735,good
0.6769122338214001,3.165534496326188,14.0,1862.0,46.53652550503831,17.294625981986137,2.0,1.0,0.7021087292772441,0.2622520155903104,needs_improvement
0.7295153459059002,2.0333522602883294,10.0,895.0,186.8198064734531,24.585789822108765,2.0,5.0,0.896101113176061,0.7125207154664916,good
0.3696998013386585,0.5678658392758693,8.0,787.0,263.4791997391498,34.71361201190595,1.0,5.0,0.9506407639714367,0.4844573231075802,needs_improvement
0.4665408913768394,0.7869472362826342,7.0,344.0,215.9405101929762,9.51915050170357,2.0,3.0,0.7980608068192265,0.6259684383987404,needs_improvement
,,,,,,,,,,
,,,,,,,,,,
0.9165407733237506,15.444470247985107,8.0,390.0,638.8708438518114,16.843883118714793,3.0,4.0,0.5492692550462943,0.7607258159085616,good
0.8157395605802287,0.6146544487697518,7.0,370.0,36.802948485811754,324.99215179271,2.0,3.0,0.7082884619702526,0.4415921890923762,good
0.6146840245452468,14.618406427998353,12.0,508.0,220.77806082714432,3.8239433557271196,2.0,5.0,0.7369870888785075,0.3743268188971977,needs_improvement
0.658950551467892,6.609307629061104,4.0,470.0,488.1181313499675,51.49413209108923,4.0,3.0,0.8106753683677095,0.6467098078845869,good
0.7146478934490892,5.073637512211379,11.0,1442.0,239.31808821711994,9.58458235706844,3.0,6.0,0.6273885699062214,0.37171262148208717,needs_improvement
0.6404584373948782,5.1821010255541164,10.0,621.0,49.192803790833054,91.48054067672534,1.0,1.0,0.8370768851853159,0.5771664393498035,good
0.5178906457742368,8.76445317823994,8.0,141.0,75.89991937426092,122.78479502256052,0.0,1.0,0.6333791783713513,0.2856966897459409,needs_improvement
0.7850360333994066,0.5653948229760783,8.0,238.0,6.134292808318938,25.664598351998496,1.0,2.0,0.7900728782834602,0.3546093394145849,good
0.8303893680958497,3.5135066175415064,13.0,406.0,189.74121606604356,86.71561552314783,1.0,3.0,0.6710750209328309,0.4242705582093982,good
0.9326593669052916,5.9716165252859446,11.0,916.0,189.8624897719799,14.37806727698242,4.0,4.0,0.7833356519359959,0.6348138593996719,good
0.7591228951656077,4.419365114048587,9.0,119.0,258.5612271963063,7.545127629638637,1.0,3.0,0.8809141060796295,0.6027235304051789,good
0.86911156092447,8.94219706429703,6.0,598.0,2.2114390740250576,18.98097020496606,5.0,4.0,0.9755357858081998,0.6295962260339858,good
0.6769900511100981,0.3750818947509226,2.0,724.0,340.5753864969621,20.90275253590664,1.0,2.0,0.812802172813757,0.5825389295869765,good
0.6742526822138145,5.867234800544035,11.0,817.0,268.4256083022578,25.321560068749648,0.0,0.0,0.8017679755970615,0.5100096836654692,good
,,,,,,,,,,
0.8534066990669594,2.3834163541536215,15.0,933.0,85.42763916135547,26.478718821451547,0.0,3.0,0.760646831005918,0.5266416370485022,good
0.8231369497640888,2.079660852643265,6.0,210.0,203.51241995872124,61.89947085606712,6.0,2.0,0.8158470546951705,0.44847067327641077,good
0.4006951005505834,4.848887845991729,8.0,859.0,136.9552132383698,14.090310649802158,1.0,3.0,0.6418029506752998,0.5956058969658463,needs_improvement
0.7461004886566291,11.081824815985117,5.0,384.0,24.454830505977974,0.9375144439478277,6.0,3.0,0.805687382403875,0.5042377932173845,needs_improvement
0.8913608501260962,3.4276406578536482,10.0,417.0,18.279551195147185,33.63591897554162,1.0,4.0,0.8005076987251899,0.5405989641248719,good
0.8422579087024897,8.70694317707455,5.0,413.0,304.15385607253626,29.73674941283333,0.0,0.0,0.8102062177161972,0.32951099921968713,good
0.8063223092889175,2.572130336654955,4.0,678.0,33.912765090110206,3.097227211977361,2.0,3.0,0.7180056840223732,0.7065141232992899,good
0.8861391530334112,0.5401228766515012,5.0,166.0,37.77081117954386,7.182053409558,3.0,4.0,0.5970689196449069,0.5871570667193653,good
0.5443891124335279,0.3173926767180397,9.0,819.0,355.4803575879176,35.65942307444107,3.0,3.0,0.3399022857690028,0.618484002581452,needs_improvement
0.7205842934969852,0.2634944157906085,10.0,809.0,189.4219774054286,13.377684716109536,2.0,4.0,0.935666431399451,0.32159046951157666,good
0.8874599247667937,2.3913899735869957,10.0,316.0,185.62995875695648,105.02234861240713,2.0,4.0,0.6413458757513816,0.5754316724322214,good
0.8916342067946071,2.0566947582693653,4.0,404.0,130.53382523958774,9.515215908549777,0.0,1.0,0.8211690793687566,0.6257495063690529,good
,,,,,,,,,,
0.3189116825818572,6.7899244440511435,9.0,159.0,184.14495473072233,29.670863598196156,1.0,2.0,0.7035046552899162,0.4060283897081409,needs_improvement
0.6029741072112611,0.26096306607680936,6.0,472.0,687.3207810426588,214.02085544927704,2.0,2.0,0.9322680379768042,0.5626699231512523,good
0.739364767237509,1.2495123891905977,12.0,474.0,50.45611517619454,50.23868587195547,3.0,4.0,0.9933592653908343,0.10641088928421318,good
0.6518880221510198,1.6028300218313318,8.0,308.0,48.3028578742697,21.85008922016681,3.0,1.0,0.7280204835385322,0.47098882802718545,good
0.6624903873660631,3.966075126193598,7.0,148.0,11.78414349463553,0.8505948353492702,2.0,4.0,0.8477887131728409,0.37702319652810934,good
0.6461474341873301,0.7804349057036181,5.0,581.0,214.7051987996454,33.17441331621945,0.0,0.0,0.6905921501201296,0.5441718530081994,good
0.7478010540946525,0.7190124837082413,10.0,302.0,159.27629423509998,11.562944724365027,3.0,5.0,0.8855874866923004,0.38781699673051473,good
0.34074574897762533,14.393204203483652,9.0,221.0,23.58543007357588,52.17128632079023,1.0,4.0,0.5917601004812774,0.5235893535773529,needs_improvement
0.8553095000178123,8.15338198649619,8.0,1119.0,90.68089142692315,43.73447130254872,2.0,3.0,0.8497498057446444,0.3584441673264324,good
0.6876763455486924,0.9962495945515503,9.0,184.0,39.36440574348188,15.408783647076763,0.0,0.0,0.7402097992764911,0.577189658227882,good
0.8143858156663423,2.609161611766898,7.0,632.0,80.5383137057484,3.568502641819711,1.0,2.0,0.9277107591660422,0.43516760635892354,good
0.45231618357634074,2.197348836977376,2.0,121.0,604.2681556069653,70.32877154279845,0.0,0.0,0.799300403622573,0.4307396791406989,needs_improvement
0.6886229240120414,7.827202601716198,4.0,127.0,229.97196242938793,44.029784236983154,3.0,2.0,0.8619461305315866,0.5136626785035271,good
,,,,,,,,,,
0.6676705946208079,0.683967749784581,4.0,308.0,58.20635496492444,15.041744007753497,5.0,2.0,0.7985498078503939,0.6791281366484441,good
0.8359454082292946,6.716022313793744,6.0,158.0,2.083120324676988,52.90165350915792,1.0,3.0,0.7708623352306009,0.5996853695796591,good
0.7529841532411512,2.528261627103962,9.0,862.0,250.96095946003115,6.316753165850537,0.0,1.0,0.7347675112246105,0.48942621950466436,good
0.5540484708203021,1.5253230365757715,4.0,542.0,126.75758551201606,17.252136484148597,4.0,2.0,0.7271883613349558,0.1433967292477244,needs_improvement
0.9791921783440044,2.3540087144343285,10.0,73.0,1023.823194961707,53.434101830940484,1.0,2.0,0.9402206563858367,0.676756795584487,good
0.7960517462881084,3.4433517188922576,7.0,869.0,264.5387016581691,87.31482889907893,4.0,2.0,0.4223761789004629,0.5601490192131922,needs_improvement
0.9431702483507759,2.1012355001549348,11.0,172.0,145.92611289043168,19.351221991638415,4.0,1.0,0.6846988838675997,0.39540392808051983,good
0.5534218414006792,1.3847379525036005,4.0,102.0,326.6492471380502,80.18610309293706,3.0,2.0,0.789143857335245,0.6481425372177966,good
0.5107909125551564,2.5416605824039484,16.0,209.0,244.02291100228638,56.621763593234995,1.0,4.0,0.8640987801794593,0.4024520070300422,needs_improvement
0.8380810486659841,0.096795473181149,8.0,390.0,55.883577058410296,21.437308929297103,0.0,4.0,0.7325609824006614,0.44250089046518803,good
0.8236870315286352,7.4029778646372,5.0,429.0,151.11445124591876,104.53399793675142,0.0,4.0,0.9094182859216604,0.4976369684647078,good
0.7159352066091089,0.9373432633781191,8.0,109.0,162.3855689117401,35.588889482507,1.0,5.0,0.6404110476301126,0.6074693377054393,good
0.8614075715780724,0.22448797185546512,4.0,130.0,120.01579281849908,52.241277487752015,2.0,2.0,0.8446905992281784,0.4323949226385309,good
0.644713206837897,5.302230265612754,8.0,219.0,39.49336337134124,34.222390691165224,4.0,1.0,0.8080118710068431,0.34483992847640793,needs_improvement
0.506278519122286,7.434688519068607,9.0,230.0,50.55800228142417,30.139732616870386,1.0,4.0,0.8321091973758278,0.6783503895190465,needs_improvement
0.5080871653031304,8.40545189808433,9.0,742.0,65.99196993191579,94.18640858836903,3.0,2.0,0.9209111771931318,0.0613537582437686,needs_improvement
0.8034444399038491,3.401245425468378,10.0,289.0,2.0616191430660766,17.456914729499314,4.0,3.0,0.43419171470050544,0.5699584274704582,needs_improvement
0.5087442765611431,1.1493819849985103,6.0,730.0,497.6477803223042,1.865845889027208,2.0,0.0,0.9891188540205399,0.30282540707388883,good
0.9199747137738206,6.682336573490229,7.0,969.0,231.73360909825195,105.92269354203232,1.0,2.0,0.9555207225624063,0.31800198104826205,good
,,,,,,,,,,
0.8596338643524696,1.413610196251667,7.0,34.0,169.88096881476366,22.829537240942912,1.0,1.0,0.49797529767088927,0.6162292014788251,good
0.9223131301292562,11.686284147108319,11.0,316.0,233.79244993474907,10.256043171356088,1.0,0.0,0.7287037362042663,0.5554343788175278,good
0.7414322652360554,0.5511476285991043,2.0,353.0,801.9552821056272,56.278671239371036,1.0,3.0,0.9214742319557393,0.3556624554635889,good
0.613929266646287,20.28184608011841,17.0,386.0,97.27875135351975,4.101783562269606,0.0,6.0,0.7432879533601103,0.45097457890089854,needs_improvement
0.5021079033165057,9.839422516115992,12.0,76.0,249.32428410736,27.56109686336275,2.0,3.0,0.9427175796436091,0.24210928237099666,needs_improvement
0.76864734420722,5.822136448463167,8.0,218.0,89.11028852649807,4.488704299180643,1.0,5.0,0.6802320130588149,0.6194985164590265,good
0.5596929213050089,13.963948027781177,3.0,135.0,385.22573797071004,45.55392636824145,0.0,4.0,0.6180923022154751,0.5538828974171688,needs_improvement
0.527011589104387,6.406270513521445,9.0,192.0,390.4259397296271,1.3792693016365685,2.0,2.0,0.8282159213582546,0.40252960055698306,needs_improvement
0.5443376117267693,1.0564269219857707,9.0,328.0,465.10202585179854,49.60979724028717,4.0,5.0,0.6370323524051408,0.6267444267564821,needs_improvement
0.8001799284992234,2.9183808658174692,6.0,222.0,1.0956605555479944,55.92119851354165,4.0,1.0,0.7044196325990524,0.6139641366422478,good
0.6756344003401038,0.3709407770888367,6.0,203.0,70.81892516382234,33.38805502126482,1.0,1.0,0.6556074667568951,0.692520575110535,good
0.6696636749096341,2.4686743832412503,10.0,344.0,28.75660399283795,9.619038834201216,1.0,5.0,0.6056374929916759,0.5821954472195029,needs_improvement
0.5269564320995413,6.766290967157413,3.0,272.0,121.02220499345475,5.345526850869988,1.0,3.0,0.7364194185468705,0.39506695653740626,needs_improvement
0.6058097074088751,2.4424134078646866,4.0,473.0,136.81752557500732,18.792331023435363,3.0,2.0,0.7057719187383172,0.6840077273300591,good
0.8309702806732958,2.00458365439265,10.0,288.0,59.11705555484848,31.293746186756948,4.0,1.0,0.8556586440641852,0.9056339164993016,good
0.43761837506687185,4.523734625084447,6.0,115.0,257.0701915835523,51.39021762867748,2.0,5.0,0.792949619726382,0.37541050514798496,needs_improvement
0.7965276339730123,10.286620879213334,12.0,176.0,62.879067735986304,0.06254547898790117,3.0,4.0,0.6130767876654379,0.23448564051413692,needs_improvement
0.8916256557920329,0.24376258525755845,9.0,310.0,384.6809857999493,62.07748945785142,4.0,3.0,0.5762150283299868,0.39412795722537963,good
0.7896251042698473,2.4344911917919294,9.0,281.0,39.12011515506782,62.36349228977949,3.0,0.0,0.9050587757436508,0.5390845170853165,good
0.5740918837206284,0.8613061113348609,10.0,130.0,91.53132792597013,29.397736535544283,5.0,1.0,0.5956740006957987,0.5824484751368869,needs_improvement
0.7733953051322833,5.943028276111151,6.0,693.0,194.69805436011544,21.03450454096453,4.0,2.0,0.935287793079653,0.5312072173695669,good
0.5804085365917708,0.5587072665464986,9.0,517.0,185.9436307455208,92.35575481912274,2.0,9.0,0.7247524006001453,0.5629569310597177,needs_improvement
0.6584354165829547,5.465255283822663,7.0,249.0,16.24832615338558,76.76002004794015,2.0,1.0,0.7515327691146598,0.40757822249921766,good
0.7356359706310397,1.6856283458942234,12.0,353.0,374.49667762288726,204.54578791789194,1.0,2.0,0.7536456116394413,0.46591147857354104,good
0.7401269898051206,1.1089524214696236,8.0,171.0,182.29294587091013,23.25524680011533,2.0,3.0,0.7738569186620673,0.23419207907107664,good
0.8052818908592879,13.771980702837903,10.0,798.0,407.8282034344981,118.66787280102639,1.0,4.0,0.9576937118321766,0.2895132093311505,good
0.6184085566762829,0.09349152782409062,6.0,2111.0,404.4392778646909,4.572983849825312,0.0,1.0,0.8391412561913943,0.15225862790263064,good
0.5737481736131148,2.8792859711804404,11.0,240.0,157.89580017726786,26.506034625912612,0.0,2.0,0.8160369563325806,0.43725043767109234,good
0.8938901040906674,0.1093214168016963,7.0,1074.0,483.333276665056,31.309403204113305,3.0,3.0,0.37796977179726665,0.4190274097482571,needs_improvement
0.772518871450003,3.3043007893503646,6.0,202.0,377.3122500915297,29.069049712685963,1.0,3.0,0.679384376541164,0.5157230390339359,good
,,,,,,,,,,
0.8627704960139021,1.9405514255831389,8.0,1270.0,380.08963484631073,9.329000889381454,6.0,5.0,0.72695614442879,0.3404092183983275,needs_improvement
0.45789912843074393,0.7087498066487695,8.0,366.0,344.30179090248373,100.6647800540152,1.0,3.0,0.7504569650944672,0.37294571258142817,needs_improvement
0.8598891559341338,2.36113078804164,9.0,698.0,126.73447192179333,40.121772045854364,1.0,1.0,0.5806883781881994,0.5296080762641004,good
0.7102620207161751,5.577718191119772,6.0,325.0,47.65932132487519,117.27961325407752,3.0,2.0,0.9290681114959058,0.38732461686363207,good
0.9125713278129189,7.625387512208205,12.0,95.0,483.1703181360363,0.13175564419115376,3.0,2.0,0.9238936213554434,0.42251117776580294,good
0.6140210864873354,3.783104436208697,5.0,2617.0,256.4223219920677,49.71100742177717,3.0,2.0,0.5547297577519394,0.6581976604436373,needs_improvement
0.9921918831910755,4.455971424176479,6.0,339.0,66.18692150173406,26.59036427517033,2.0,2.0,0.7499302889256106,0.4964560826401212,good
0.7223459785663235,1.1195715608994086,9.0,457.0,83.40505079866442,35.16988305937274,3.0,6.0,0.8002385765165135,0.5868984849453668,good
,,,,,,,,,,
0.8214123508716306,0.883063079575236,13.0,753.0,129.94755366656244,12.883628029022082,1.0,3.0,0.9647649883472404,0.5183037910887395,good
0.5786486752122131,1.4337149010488899,6.0,710.0,16.998877807558337,11.464333787107408,1.0,2.0,0.49403030523131414,0.33940177152694495,needs_improvement
0.4901724750975967,1.273730851336638,11.0,116.0,30.50159330462806,60.702473143657976,4.0,1.0,0.7651146416252738,0.7190994763899466,good
0.8715688915615329,3.6641073612909905,5.0,462.0,273.80776636729865,36.840928093173844,3.0,1.0,0.7741275235004259,0.40853757118400036,good
0.8045383184996273,4.1355505404482225,7.0,813.0,79.66896208452543,13.305103442149987,3.0,4.0,0.595608870534226,0.5115715949925447,good
0.5892407567600549,14.497332826744069,6.0,1054.0,141.71285446608238,33.08423139265536,2.0,5.0,0.8331658865061639,0.30703386092992313,needs_improvement
0.9230112384817102,1.0881106566182246,10.0,676.0,291.01871734593374,30.76843532669003,0.0,4.0,0.5956228550552839,0.3424934723587798,good
0.8221141772576545,5.131584325334737,5.0,725.0,278.2015653782895,58.79266569108573,2.0,1.0,0.6766860426529164,0.15192158533887082,good
0.47928980918624275,8.498434505662477,6.0,261.0,36.54793529170572,0.1332325324794956,0.0,4.0,0.7523727738947901,0.07291017718022115,needs_improvement
0.8549944736415365,4.107647420152671,8.0,150.0,20.7155022087037,44.1863692070924,3.0,2.0,0.7793959203550183,0.7106530336363769,good
0.8136608242091834,1.471879816503017,6.0,314.0,178.88250934366707,46.52939131370661,5.0,4.0,0.8975809151295213,0.3898697469806844,good
0.8974644878657374,1.5227865079467335,3.0,148.0,270.6747472526217,68.42471377822558,5.0,1.0,0.823852534077067,0.811105609316837,good
0.6857994475788018,0.20022113670934277,6.0,223.0,32.27801267443114,110.01517533487,1.0,2.0,0.8062062641918042,0.6093556199421907,good
0.6649939812282275,1.8224140633330108,7.0,220.0,93.02878330499703,29.007873805709643,2.0,4.0,0.7201946431772837,0.7642081903548246,good
0.7448339974767728,6.824693701779064,11.0,190.0,408.47230975084966,20.96706374042225,1.0,1.0,0.8534015809336316,0.5580351140150445,good
0.6071374590367918,0.24341907446091382,7.0,617.0,577.279243783922,5.397102108333041,1.0,3.0,0.9164374074351688,0.5291112044913698,good
0.7128546935752391,1.2377914161315384,9.0,179.0,121.05281574145677,20.536636250660205,2.0,3.0,0.900185462707235,0.628813613859569,good
0.6862249036991799,6.124833179161399,4.0,1751.0,16.571117729969323,3.547131289249235,5.0,7.0,0.7200879946178173,0.6665923748895506,needs_improvement
0.7249332627999328,7.63126755962293,7.0,890.0,59.599406158534784,81.18196516133348,2.0,4.0,0.6671566147249856,0.6781535525300554,good
0.7732422724408485,3.0377694684926677,9.0,1044.0,53.045852212764935,82.25484723540549,1.0,3.0,0.6889820963308007,0.36765615430810505,good
,,,,,,,,,,
0.9509901308235446,2.4547242186557785,6.0,473.0,136.19697063647592,15.031019559244987,1.0,3.0,0.8181375772059581,0.6248014202979527,good
0.8836832650968525,0.8712505637229034,6.0,175.0,175.04206696049715,6.279299225907127,3.0,2.0,0.6631974910607688,0.6393554330176353,good
0.7565658371349349,2.5387309631149364,7.0,480.0,26.137850194480162,95.27009797167366,2.0,3.0,0.6135106665333387,0.3960186965372081,needs_improvement
0.4452386687079209,4.337119760379149,7.0,98.0,440.28749959845186,104.98028529737692,2.0,3.0,0.7202876993327603,0.20240135273509938,needs_improvement
0.8598122444003292,14.787683683657784,6.0,943.0,193.50302850638298,15.482044925840462,2.0,2.0,0.8264267115160028,0.1991381991107682,good
0.5978572037777943,0.35614265832996783,13.0,240.0,181.88871061367465,48.61139071288807,2.0,5.0,0.8752780375877263,0.382073735268582,needs_improvement
0.9631080921739555,3.5402290180453573,6.0,514.0,872.9001961592736,14.964368696569894,2.0,3.0,0.8452255726709702,0.23849489700053864,good
0.6927515973569838,1.994332967919811,7.0,596.0,197.84970717974036,12.752782642052507,1.0,0.0,0.9120711726731686,0.11604596794699999,good
0.582561015078594,3.5495514410209457,6.0,259.0,528.9000410885815,1.0718086224445953,0.0,2.0,0.9229619291354438,0.6295700067405903,good
0.6589873436519191,0.12133768254478235,10.0,213.0,67.4464573379623,43.03800223482629,4.0,2.0,0.770832388220568,0.6541450527319804,good
0.695750108097121,1.8772894692390283,2.0,366.0,54.92144845065867,8.122507956981815,4.0,1.0,0.8666563788878208,0.7429220762561213,good
0.7096751773921168,8.570330912551547,5.0,766.0,145.34852278076758,0.6224171492368096,2.0,3.0,0.6504848233203566,0.40975733690260774,needs_improvement
0.5787336254906948,4.036528469567055,8.0,358.0,142.10300550393166,5.538263885134754,2.0,7.0,0.8164169847578381,0.5587397477093589,needs_improvement
0.780303295944388,2.994483199111675,5.0,653.0,51.361694167870716,18.82706262166655,2.0,1.0,0.54856947598566,0.46829554175879207,good
0.7840919500647555,1.68103686051196,5.0,761.0,240.56513044461494,55.30650233328308,0.0,6.0,0.46786053189457116,0.8359924911412465,good
,,,,,,,,,,
0.832918451936137,2.4152533331571666,8.0,368.0,234.64376697287426,109.2803690902954,0.0,3.0,0.8203428776593397,0.4346403861256702,good
0.6573157909640133,9.026373244983203,6.0,450.0,122.19472229483424,17.018178629697978,2.0,2.0,0.9398667058788128,0.35912247821151927,good
0.5768936680981216,17.088647456347466,3.0,1006.0,233.59730354435956,20.115476316649875,1.0,1.0,0.8722228645568894,0.5430079371382359,needs_improvement
0.7204084751302061,2.887101342836807,7.0,306.0,129.6655992578406,12.293567860775704,2.0,5.0,0.8576199011508,0.4605898201866294,good
0.7622298776474804,2.4990396993915516,8.0,1002.0,757.3759391638254,14.638438527746791,3.0,3.0,0.49227665891150935,0.38819895787018854,needs_improvement
0.3558593807034519,9.371927768885447,7.0,494.0,81.49891855487532,3.8513483513292623,1.0,1.0,0.8785222631186758,0.43929886983884964,needs_improvement
0.9355715935019361,2.7835217071274787,10.0,223.0,809.946187273432,17.46160544234165,3.0,3.0,0.48927958435187235,0.19470999045245274,needs_improvement
0.5677475428933332,4.015013052748974,13.0,390.0,13.436176215068027,98.16920756265421,2.0,3.0,0.9838208008867875,0.2685686717401963,needs_improvement
0.7087476081688654,1.312942267871794,9.0,164.0,230.25126198008823,58.30568636899728,6.0,6.0,0.6996012585444608,0.4087272033048367,needs_improvement
0.6905777248621484,6.803182502492232,5.0,137.0,121.10757229579924,104.07947388843728,4.0,3.0,0.7855809593826458,0.3151919433349851,needs_improvement
0.8158923338265655,3.79631011208071,5.0,655.0,345.3490409757595,5.538702364002591,2.0,3.0,0.9216030755163261,0.7055607643794681,good
0.832754065682107,8.278313793045015,6.0,763.0,311.7642356034765,30.405077880501363,1.0,1.0,0.9756930983701431,0.5920186668868734,good
0.772423403588589,7.587319412167992,14.0,392.0,322.09787588229864,13.019876731164903,2.0,1.0,0.7612265959843183,0.17716012863650843,needs_improvement
0.31531429508231734,1.2103881772375629,10.0,419.0,19.906307287781942,63.86582609375504,7.0,2.0,0.7039119353543796,0.610928956856477,needs_improvement
0.4574135770769861,6.287492954138187,9.0,254.0,345.6056671319817,175.72584889001928,3.0,6.0,0.6207227223311448,0.6066315617328707,needs_improvement
0.7882463201531409,8.04854994600242,9.0,462.0,48.16991575069698,84.46722371158164,4.0,5.0,0.8512286554859434,0.4866419231748726,good
0.6898415785284167,2.1240595885104168,3.0,1968.0,5.203151603368957,1.795773744866794,1.0,1.0,0.92519943345685,0.45653324964922015,good
0.7419972540148573,0.9473901945859451,4.0,904.0,49.11329523824141,19.03811463050927,5.0,2.0,0.7190991947611702,0.33102985469456747,needs_improvement
0.7870184664296968,0.0131781289592452,8.0,379.0,130.51052258458046,1.449802089247895,2.0,2.0,0.8547772539916462,0.5686807916356925,good
0.8193456411207575,2.9974067879675195,11.0,354.0,271.0454829604399,2.0497966766605735,3.0,2.0,0.6814621016589697,0.20351615692328817,needs_improvement
0.8509315479167558,2.172663006446418,10.0,298.0,49.34193294204285,4.142745218635355,2.0,3.0,0.730989489336351,0.397899751667724,good
0.6779498986008292,4.047391983618115,6.0,130.0,23.983761278680053,16.17077739658259,2.0,2.0,0.8913297251470365,0.3352527400918315,good
0.6777296586798863,1.041527733687269,10.0,274.0,207.67317403877018,18.13484969533862,0.0,1.0,0.6933290412995385,0.6663936567220317,good
0.6672878953710359,9.81863380063279,13.0,691.0,825.7628098425148,25.579088248009175,4.0,5.0,0.8552773365509512,0.44572005402475134,needs_improvement
0.7501365198951496,1.490380960719189,7.0,191.0,183.69377149649307,25.95390362610108,1.0,2.0,0.8307852505832204,0.6812034054828197,good
0.8344029430706337,1.2836930240998705,13.0,322.0,234.91993274616334,73.79104751423354,0.0,3.0,0.8920956179197302,0.5079033329948748,good
0.7941385166498864,3.276502983183879,5.0,164.0,164.72747190021278,7.622795047600758,3.0,0.0,0.9501730928666411,0.702927894898488,good
0.9477130011861453,3.454259321517398,10.0,756.0,304.9719725933333,8.583362747005014,1.0,3.0,0.7574998506009808,0.22635964398612274,good
0.6581810636175892,1.210900693974088,11.0,145.0,744.3170631570964,49.253786383112036,2.0,5.0,0.9464604319480487,0.3799532642699791,good
0.9545123320283492,1.5863146982017273,12.0,648.0,157.1091814897391,42.40149083255009,0.0,2.0,0.8589419306478764,0.24726709255177504,good
0.5179422310125776,0.9298725384429419,11.0,918.0,107.84176582348721,8.362074071348792,1.0,5.0,0.8936390425843506,0.6186248704473798,good
0.6184026207027767,6.337406894836772,9.0,311.0,393.7132600929945,95.61656355723659,1.0,7.0,0.7199733379270963,0.15279175217524646,needs_improvement
0.3751187798514511,7.350315687037998,6.0,232.0,699.5086883770125,19.95373457681125,1.0,2.0,0.9331633446794616,0.23714910949126602,needs_improvement
0.5532262324336737,3.102537476897011,5.0,589.0,27.66437335638812,22.861663804502484,2.0,6.0,0.9593381854308859,0.4057933978456784,needs_improvement
0.8223555461116764,6.260338947928953,10.0,1453.0,172.63103569774634,27.2760366521745,2.0,4.0,0.9279307674413738,0.6851971348837728,good
0.7056585619917826,6.657807391335185,7.0,1180.0,314.486230177805,19.482186740937074,3.0,4.0,0.9673471859709993,0.45236318993280245,good
0.8359847468721449,0.7440984854536336,5.0,380.0,152.43061263619,40.76066214538501,1.0,1.0,0.8445033287580084,0.6942214395556049,good
,,,,,,,,,,
0.4650201832177082,8.602739822345336,10.0,335.0,212.97544642893936,15.017075026849058,6.0,2.0,0.7884221053550015,0.40363585628621834,needs_improvement
0.6804835659532997,1.1438182048445178,9.0,104.0,62.97724643455903,117.41829503925842,1.0,8.0,0.6210277201989742,0.5760776111871211,needs_improvement
,,,,,,,,,,
0.7396724468894801,0.671436365891786,10.0,578.0,972.7016442360625,59.947426602139316,2.0,5.0,0.733554666285792,0.3432525404302118,needs_improvement
0.7315375249525915,0.7446963623142673,6.0,300.0,202.37612406463163,21.326274234275704,2.0,1.0,0.825323276467997,0.5454639619735191,good
0.783498847392359,6.894842286584781,12.0,249.0,412.5991804138929,28.565949048009642,8.0,5.0,0.8938528270939157,0.7108118360341686,good
0.4302417640310917,3.171130698732136,4.0,385.0,329.8109943830715,13.455678514908273,4.0,3.0,0.7803737810256978,0.39555078249740294,needs_improvement
0.6491258137662925,7.63777310007118,9.0,325.0,211.2672616704965,69.78282636501616,1.0,6.0,0.8630342616363399,0.3886417390308149,needs_improvement
,,,,,,,,,,
0.620086864006179,4.639447611455948,3.0,139.0,67.69923540289588,1.1245491205495792,4.0,2.0,0.5289506241527887,0.3311368662476024,needs_improvement
0.6449611937281325,5.797652560254037,10.0,614.0,202.7346583618753,3.1040925439637186,2.0,5.0,0.7396186541696895,0.5570828060630713,needs_improvement
0.8697915983170031,0.09263140519719607,5.0,388.0,178.61422585975973,127.79422397898263,3.0,4.0,0.4056150069988668,0.5942995407563684,good
0.4642340170936248,1.8682165273965856,6.0,571.0,194.79435098775681,109.83331791550559,1.0,2.0,0.7665570379592921,0.7150536789140981,good
0.912875223204154,5.078099851243767,9.0,132.0,36.93653091379259,35.2698140486536,1.0,2.0,0.7813796943360016,0.5444040866188492,good
0.9086262162647987,0.046944457554210124,4.0,817.0,64.93645364870471,33.9974719138058,3.0,0.0,0.8399760709734021,0.41511603801769564,good
0.8802119906831427,0.16766470336012135,8.0,622.0,67.55895141510864,83.6786056017101,2.0,2.0,0.720360653672686,0.5171614099295528,good
0.3453881891265214,9.548932081517485,12.0,1538.0,184.2336025856339,7.451117844106856,3.0,3.0,0.9103426075548434,0.46991154474559454,needs_improvement
0.6080869214140047,5.76045872365548,12.0,207.0,719.0550944605775,53.022364515718614,1.0,3.0,0.5416268473429215,0.4819728467497703,needs_improvement
0.875098295351238,1.5419397229723182,12.0,252.0,616.1166931523,32.31155709595511,3.0,3.0,0.6289706652414628,0.3806517913182573,good
0.8596051666612778,5.823164980405658,9.0,96.0,51.54429555742552,67.99840380752146,4.0,1.0,0.7328688229025304,0.686597784284494,good
0.8062165152820358,7.862075688433617,4.0,208.0,72.72415727173409,1.5282591762351567,3.0,3.0,0.70169233273303,0.629759372953191,good
0.6555640347398485,1.8321423703721766,9.0,1270.0,7.345638008365178,44.913399789594095,1.0,4.0,0.975064998153495,0.11316129585206734,good
0.6970761135625658,0.18351379231351433,5.0,510.0,101.77071053521102,40.67860936928469,1.0,2.0,0.5549572546145356,0.5847712220722934,good
0.7108193447579059,13.49885717582647,6.0,225.0,359.96734655011824,91.89488147412226,3.0,4.0,0.5515622861965351,0.769267601260824,needs_improvement
0.5167642501025858,2.1169732166470743,7.0,448.0,494.797470149547,56.47981327168116,3.0,3.0,0.8999940575919095,0.2305179875526092,needs_improvement
0.7437925603455852,0.5629426708266091,6.0,384.0,53.967508684221045,106.08003749177514,1.0,6.0,0.841216269885369,0.9014467496037347,good
0.7161724123301272,3.384960609307134,5.0,87.0,61.79325613839952,109.13945829154643,3.0,3.0,0.7374302214507554,0.8309335177950516,good
0.7110581998890567,7.315181517644781,9.0,101.0,49.91029231774341,26.22628555122241,1.0,4.0,0.6786071573500125,0.6998206435586967,good
0.9332540512577923,1.2528776720497432,10.0,977.0,86.1884527035404,7.392188316392151,2.0,3.0,0.686425810877612,0.3023300228177221,good
0.7038485513235125,1.5700621362952063,11.0,727.0,326.7045255216188,49.75096023589148,1.0,1.0,0.7108850222764496,0.5235348866684654,good
0.7111430755128064,1.3900779641789458,8.0,123.0,208.17670710170523,103.4730153804605,0.0,2.0,0.6190993840336692,0.4221711325765708,good
0.7626753775075157,23.941291881859378,8.0,364.0,308.30064346312025,3.8955552016666983,3.0,2.0,0.6933749302890603,0.4480081173775637,needs_improvement
0.6172065608686672,1.0995173660208828,10.0,227.0,174.94873109880652,40.81359108316515,2.0,3.0,0.7909991890863002,0.302628801865502,needs_improvement
0.8589308709779623,4.284454498633763,13.0,963.0,59.60927348585189,6.108354956334701,6.0,5.0,0.9261546026013491,0.6332811808186325,good
0.8197186967153891,12.969009804534561,11.0,577.0,51.7526380801977,1.3683538667057698,0.0,2.0,0.749865523309537,0.5813221609226232,good
0.9024428851852386,0.7943724156473632,7.0,166.0,1.8082913853240963,56.91477065061845,3.0,4.0,0.8067709212130462,0.4747327251503402,good
0.7798648952108549,17.677221928697474,9.0,444.0,303.7203971413937,57.261554467587125,3.0,4.0,0.8830285105040964,0.8393713384694066,good
0.9676736643950973,14.73254286407794,8.0,390.0,375.62199990426114,45.89685995242778,5.0,3.0,0.8791995173158226,0.5840485741083263,good
0.9544251934702082,10.795541039520485,6.0,391.0,292.4473503303032,98.02884039524326,2.0,3.0,0.8694350388188725,0.5510251294735268,good
0.7783322848448733,1.2075338986895965,11.0,268.0,15.463065246890581,4.216735747487512,1.0,6.0,0.900199464453563,0.4744478047119196,good
0.9471859369974419,5.026361915777263,7.0,411.0,287.28324914979044,5.56111990952736,2.0,4.0,0.8287117762707088,0.3550557187479558,good
0.7489122125751894,7.154188710445557,9.0,204.0,9.369575487577467,99.9522603886134,5.0,2.0,0.8188806551467009,0.39038410217565006,good
,,,,,,,,,,
0.4728022287157215,0.9948396426841888,5.0,148.0,116.1335471985413,15.945072173966723,1.0,0.0,0.8169813498730352,0.37962404738482824,needs_improvement
0.8570246691973386,7.262724257282514,11.0,174.0,129.3088370812558,67.00050537001484,4.0,4.0,0.9242882781491272,0.5535039511415323,good
0.816611210043672,2.0685034121829036,6.0,565.0,338.6928987110089,112.40660801334828,3.0,4.0,0.818660923430032,0.8463532113761565,good
0.9001503280728268,0.9656576665250725,10.0,578.0,227.5913825331327,58.495203886159764,3.0,1.0,0.9456228428769903,0.5037230317814575,good
0.8436074344585869,2.7355201725506713,8.0,1297.0,33.28653414172373,78.49465986722912,1.0,1.0,0.7462524083282802,0.8560183573937422,good
,,,,,,,,,,
0.5952611891549937,3.1260391537317433,9.0,707.0,67.2835003362717,17.038347444225295,0.0,2.0,0.8022843307252594,0.49897024375343113,good
0.816842988028788,3.8557933483099456,5.0,418.0,26.403111263844664,99.80058466572096,2.0,1.0,0.8563837537992064,0.4220046010728011,good
0.9723275856820655,26.653593530993867,14.0,512.0,67.83574735874241,47.707788543629945,2.0,2.0,0.6366699976370844,0.47648512631490786,good
0.9732756598478302,2.546711119051572,11.0,770.0,260.8309471018305,13.339280068217835,2.0,3.0,0.7408687221427552,0.7947432173014037,good
0.8030854144611514,4.777767040759498,7.0,642.0,55.256517530151974,37.13387154981579,3.0,1.0,0.8001978705908677,0.5854300366038608,good
0.7078697236867683,2.272574617641378,14.0,439.0,360.79837263871195,57.895901670159674,4.0,3.0,0.4507100025799809,0.7011657115762128,needs_improvement
0.523644095933548,2.494367070320089,11.0,246.0,126.79347149851033,12.330146749830645,1.0,3.0,0.8009811028383689,0.18835713572542082,needs_improvement
0.7296910856878117,5.947732715920999,3.0,503.0,77.9978246384686,53.19698090917036,5.0,2.0,0.96774078220999,0.4935795761010509,good
0.6202344473935221,13.893997936558929,16.0,1201.0,106.34792923321153,2.152935633524912,3.0,2.0,0.6688132087243883,0.4713024173752644,needs_improvement
0.9446457580372225,3.908350684239724,6.0,464.0,247.2280965530267,18.098132318905087,2.0,3.0,0.9444059859795793,0.3794967493675428,good
0.5999920210503662,7.313716132495732,4.0,294.0,145.46190631547006,56.038571712784304,2.0,6.0,0.7662331330764839,0.3746858261858772,needs_improvement
0.6632825423865712,0.4671957298947974,7.0,778.0,1.4610565388297088,8.087670863552093,1.0,3.0,0.8209541210808531,0.6233454562184323,good
0.9258317822528472,1.185946395634184,13.0,133.0,511.0413949141195,12.564230549004382,2.0,4.0,0.9126209156017626,0.2288077928634841,good
0.4574192550209504,3.487097880485479,7.0,302.0,13.654912264235792,105.63680127260484,1.0,3.0,0.9201862479985975,0.7142579876106457,good
0.8305792969607253,0.10107335137790119,9.0,184.0,558.1386409701847,56.092167529819,2.0,0.0,0.45659726889088065,0.5769458503066103,good
0.6621639133440607,1.4574798724448472,8.0,366.0,5.711342565910221,34.54934680412441,2.0,2.0,0.789944779698086,0.2485680531180989,needs_improvement
0.8124034455690554,3.642848992266117,11.0,1093.0,294.7886078277653,11.842692477732616,2.0,4.0,0.9783357119612189,0.20050697453983535,good
,,,,,,,,,,
0.6631993345026642,1.5363383628373983,7.0,90.0,140.93312501624746,42.70460256954632,1.0,4.0,0.798744077807678,0.7448011520801325,good
0.6150121790938806,3.6080503582591685,6.0,245.0,15.112560375187375,8.439432684113758,3.0,2.0,0.7748330229238116,0.5317761469618546,good
0.4504183072528095,4.25660426870218,9.0,121.0,54.557381083039544,32.86430522383359,1.0,4.0,0.6639994228082021,0.5821185855882565,needs_improvement
0.8545901045448163,13.00170151825478,8.0,940.0,300.60817219170934,26.29479680914969,2.0,2.0,0.8043670167253433,0.3462082737500841,good
0.5721630531451272,5.1830577518572145,5.0,253.0,443.7588006381348,32.378808800045924,1.0,5.0,0.9364300958849432,0.8457830997508683,good
0.9421372889705292,2.678459570464366,7.0,428.0,150.62983869502295,5.577918653437653,1.0,2.0,0.8157518680068296,0.3452164173268303,good
0.6589437291440797,13.321447397946372,6.0,445.0,87.18797541988185,5.630284211285874,3.0,5.0,0.8814705395547656,0.5702031873939656,needs_improvement
0.8089909592294023,7.682865677997236,11.0,475.0,12.362997718030172,166.3661560232117,4.0,5.0,0.8504467217755838,0.4885523200737821,good
0.4340967219642793,1.1157735138366074,12.0,39.0,229.25309131436302,194.04495522761601,1.0,1.0,0.5664930379507158,0.28258630503714316,needs_improvement
0.7336211958057093,0.7011538390388607,10.0,538.0,65.2697811686187,27.77063921442287,1.0,2.0,0.9291790380040282,0.475369477151594,good
0.8534388213126319,5.632152804780737,7.0,260.0,11.316972962583009,77.79377995298505,2.0,2.0,0.9151432548980861,0.2623828069759808,good
0.6630023248539458,4.103575272689185,12.0,793.0,219.2340919312997,53.325374413029934,1.0,2.0,0.6990016536388157,0.19131805867557117,needs_improvement
0.6339458941640086,7.795473673900642,10.0,474.0,132.99740265991446,6.216796021554761,2.0,5.0,0.6677476369523667,0.7238506127612702,needs_improvement
0.6771667177886818,6.7124410795590785,7.0,668.0,2.4068543899162425,17.59706948343157,6.0,2.0,0.8019345540953626,0.6647598641259033,good
0.6269626081621821,4.906967512286075,11.0,225.0,23.514520358756467,18.818481482855752,1.0,3.0,0.8683237325994556,0.7994539479438959,good
0.7711043111172554,21.481877175458525,10.0,163.0,240.263220128718,45.28911136362825,0.0,4.0,0.9843765520587372,0.25641780636397576,needs_improvement
0.7363887787897273,3.8134481234972384,4.0,822.0,13.157744850549822,43.37225611857672,1.0,4.0,0.7785658482158662,0.5049635118238701,good
0.282873552193987,0.6001476660395891,6.0,633.0,401.92797630232764,128.52890938903985,3.0,3.0,0.44924868735433,0.41765951688157743,needs_improvement
0.8256912910898778,8.809262807309068,12.0,481.0,74.59753445262601,78.04103434571186,1.0,2.0,0.686568576916073,0.723288609995584,good
0.7389609892498121,1.4507814028807295,8.0,481.0,18.569267008847348,97.19229666181462,1.0,6.0,0.8707741040363647,0.17650985801194052,needs_improvement
0.793817796517821,7.509696753371326,14.0,564.0,285.22118839605434,110.92534859485998,2.0,2.0,0.9166195436941147,0.24304168420889954,good
0.6779905040947708,15.745244373280858,6.0,143.0,148.64707583260653,80.79208679940099,1.0,2.0,0.863427815251266,0.6276931029795502,good
0.8581052692104981,5.966739148456275,13.0,953.0,73.24119617103251,20.239361475272556,2.0,2.0,0.8829194502692015,0.3819004231690738,good
0.4310299697644407,4.532075298121053,7.0,356.0,104.20830633831241,12.104404266462248,3.0,1.0,0.6547740010403404,0.32008258078224167,needs_improvement
0.9251648102790968,3.0845076769873465,15.0,364.0,4.328993375786982,42.40443141721153,3.0,1.0,0.7882220966114636,0.6913610858293724,good
0.804476461153195,2.2660068338695587,12.0,288.0,217.35564022761415,58.48957113001811,0.0,4.0,0.903273815205375,0.8115849031154586,good
0.634980777080455,2.1770816379338465,15.0,55.0,91.06988615363291,24.434290491236275,2.0,1.0,0.8529791181918243,0.4596842888690032,good
0.6540109937071356,5.058129263454393,2.0,639.0,250.37896789537717,94.30526020123918,3.0,1.0,0.6602296196390044,0.5489293003416831,needs_improvement
0.772522437061704,6.95699919837484,10.0,181.0,197.8643200676936,161.6570961959993,3.0,2.0,0.832523204260611,0.5298566437541077,good
0.8505541057123712,5.674054149890397,3.0,439.0,210.68238970543223,42.12828843675091,3.0,4.0,0.9635067979884704,0.13719227402024503,good
0.6999457293041147,1.1057907501015414,6.0,209.0,314.9036631327295,30.494748723546177,0.0,5.0,0.7849385038188298,0.6437734548605406,good
0.9166274275988446,3.4059663716540727,7.0,306.0,199.47742468265835,92.53953658123164,2.0,4.0,0.5825623732975469,0.24544141350989698,good
0.7447536861521592,7.842441362697825,9.0,293.0,108.50658217621347,1.2284452953240088,5.0,0.0,0.7451550633519003,0.7381777159144312,good
0.7277839748982678,3.2284950889209494,5.0,205.0,98.8355155220913,6.90638932724031,3.0,2.0,0.8638267002745708,0.7260911552970143,good
0.44419753157144237,3.846074525254472,10.0,336.0,25.47172111055588,93.42910751484969,0.0,3.0,0.8382509842405353,0.618240658075812,good
0.9197151637890284,7.373137743945773,10.0,274.0,302.32019746841826,65.84374835129059,0.0,3.0,0.6694846292095874,0.518235471239631,good
0.7807579022549412,5.4126904617773715,7.0,175.0,286.34911224173135,26.904419791039018,3.0,4.0,0.7445630441654455,0.40317292018884143,needs_improvement
0.7353160052335436,2.6326152721218268,10.0,1031.0,56.55174032079554,109.84456761907336,1.0,1.0,0.7461884031374942,0.5762079696112737,good
0.6653776448909352,11.288666283344813,10.0,212.0,397.0910478511268,21.651447800358696,1.0,4.0,0.945875739931626,0.599793255821706,good
,,,,,,,,,,
0.855720591535319,27.036699106110518,11.0,688.0,130.28086950783958,50.30181083744048,1.0,3.0,0.747963605715339,0.6372793227833323,good
0.7607663570092071,0.6326516636929013,10.0,844.0,3.5302341993892705,10.187386895023744,2.0,3.0,0.663923540747439,0.4149179163471534,good
0.5958349314855129,0.07531424171368568,4.0,260.0,96.49337423472232,16.763269788817425,0.0,2.0,0.6801819126447897,0.16195282137354688,needs_improvement
0.6966609781965063,11.03723378289542,12.0,344.0,204.70324612628218,123.85104482918025,2.0,3.0,0.521695990265483,0.2967472544774884,needs_improvement
0.6433197840673888,1.4048797665287125,7.0,352.0,18.80672328308358,10.131204503272496,0.0,3.0,0.7185476615595111,0.8055309277880879,good
0.7741770918550404,6.541107237025824,6.0,615.0,123.07703608784972,9.53228261820672,2.0,5.0,0.7576193989434729,0.6397015278789624,good
0.8335995702270322,8.330448080392095,5.0,332.0,1005.2295391818252,32.659363354692125,2.0,1.0,0.8336568119571356,0.5895868783998858,good
0.638390518513783,9.794494378793829,10.0,582.0,252.13589031078197,4.836414495447049,1.0,4.0,0.7560233352646964,0.7573495176590173,good
0.7124786243032999,23.89418789012491,9.0,328.0,158.315635511171,112.51205730433746,0.0,3.0,0.9275239490559032,0.18931674309372162,needs_improvement
0.9168274696280769,1.7409814479318446,8.0,986.0,152.29928824421856,5.276311931259885,2.0,6.0,0.812978154335277,0.906348024882968,good
0.6512282684602588,6.1935690917277695,11.0,399.0,8.950333252385292,47.928277191450434,2.0,2.0,0.7611202193638658,0.7434132021023179,good
0.5149659565885057,0.6130977667042807,13.0,362.0,630.778905703709,20.75924890170745,0.0,3.0,0.8261292834431175,0.44118579735676156,needs_improvement
0.6580302363569949,2.6111966597551173,9.0,529.0,526.7119426460107,81.55169313376763,3.0,2.0,0.9181292591529238,0.2693225716529115,needs_improvement
0.46051913376207904,9.418442736337692,5.0,1492.0,229.39547636413698,44.55683150486852,2.0,3.0,0.9036180694348103,0.47505198119899733,needs_improvement
0.9238336385582292,2.2916248239836765,10.0,248.0,20.852590236327906,24.576167607439814,1.0,5.0,0.8354390544636773,0.39584680429236857,good
0.5405248295569954,4.471366771896142,7.0,926.0,46.59683656614717,206.3629717320867,2.0,2.0,0.9217586204591819,0.5669851866451461,good
0.9566797255627445,3.5036134492957545,9.0,209.0,40.64601345305996,3.4263091165316366,3.0,4.0,0.7735549646090254,0.3890861054816349,good
0.4605224848309893,5.191607287290797,5.0,417.0,146.61828087890078,43.112185133493334,2.0,2.0,0.8646088026187793,0.3744073614995085,needs_improvement
0.7544612962745992,18.040072694302992,8.0,213.0,46.58925692383773,228.14535692559468,5.0,0.0,0.9019653788326393,0.6300459854107938,good
0.7544278090627444,0.28674494735201683,5.0,299.0,238.01434902581136,58.713037780846534,1.0,2.0,0.9302163351476707,0.6116268089684381,good
0.8003368542005113,4.266128011447328,7.0,234.0,157.59264631973102,67.30940040579863,1.0,5.0,0.7616411913625781,0.3877767751552978,good
0.7889707506596175,9.939922213708055,6.0,705.0,3.5631885290336958,1.63086768810516,2.0,1.0,0.8791950527616376,0.6212568154170558,good
0.7002029762258705,3.282945350218805,11.0,271.0,272.5602883342616,1.0797329192036735,2.0,1.0,0.6626153211625376,0.7498930881296272,good
0.6741864396838853,0.4089100207155998,8.0,616.0,41.85521432839195,1.8389107471786337,3.0,5.0,0.7249474975761542,0.8382940132715193,good
0.8410484469998659,4.111035524627703,9.0,264.0,348.4626122931998,239.7191849496872,0.0,6.0,0.831958939998607,0.5480055145101537,good
0.8097422753662666,2.0178886328475074,11.0,401.0,87.71508196392924,194.4147398151729,1.0,3.0,0.5979944912789068,0.4749111249756907,good
0.685973085092158,0.8417488045339155,13.0,1294.0,82.6852467828767,20.361502667725624,2.0,4.0,0.7011234107541728,0.32317807188662806,needs_improvement
0.8870888639270749,9.453520165416688,14.0,222.0,2.3775431014828725,17.19370528815662,0.0,4.0,0.7882753734433666,0.5134575628861039,good
0.7441529650433631,3.6865352917554306,11.0,225.0,880.103026466994,7.8887889502087845,3.0,3.0,0.7002314994648671,0.6499491659129898,good
0.6925313131804973,13.535983755401539,12.0,331.0,189.35222457080746,19.959762676853305,4.0,2.0,0.8402735593752828,0.6208873448323383,good
0.865368749268691,8.199910994057335,5.0,397.0,109.88909443940487,23.113673645757434,3.0,4.0,0.8053471677653466,0.29812622452508675,good
0.8410241568674433,5.904078293283154,9.0,662.0,20.322709853879328,68.97245552173067,4.0,4.0,0.8656777694078756,0.5939859970149132,good
0.6868701594166081,0.02519086837481973,8.0,417.0,240.2274085475794,100.6054287770592,3.0,4.0,0.6968626548138631,0.5325635884034319,needs_improvement
0.5435939373131827,2.7915384649086783,4.0,490.0,66.46071909609506,68.66596901942576,2.0,4.0,0.5148179012551058,0.5414987318016264,needs_improvement
0.8180142796489084,1.1000316480473709,7.0,160.0,889.3056649069738,51.99006803763802,1.0,1.0,0.853516390357432,0.17460891436111092,good
0.8745442103468081,12.084254104678607,5.0,513.0,601.3479635753513,72.60036190277938,1.0,2.0,0.8258793559040026,0.6642851321817408,good
0.8650298191878603,0.9593387937297861,15.0,524.0,265.8291245607902,67.0655677784384,0.0,3.0,0.7572212154115907,0.2613551580536234,good
0.5582062205547603,1.6847821307252178,8.0,690.0,708.5885769512456,32.28930124975114,1.0,13.0,0.7564119269839131,0.6911566899808623,needs_improvement
0.7614412716158816,3.6370036371122785,8.0,310.0,22.32800756465138,20.462468153471047,1.0,4.0,0.759143173894404,0.41031348006795887,good
0.3672183634780739,1.528304428728292,10.0,401.0,65.67730381414148,16.61868254694338,0.0,1.0,0.627550094534792,0.3849356270403468,needs_improvement
0.5634186646237109,1.1777552680346046,7.0,709.0,58.40316694064831,56.871105996239926,2.0,0.0,0.7881294417636038,0.43761836164049245,good
,,,,,,,,,,
,,,,,,,,,,
0.8359395116741739,0.2996405403971843,11.0,166.0,12.369567340227947,121.82097084474705,3.0,3.0,0.6146370206355408,0.4432732455899071,good
0.7375791283380834,2.3280289312351723,3.0,241.0,388.5475030290445,0.7165789601573216,3.0,3.0,0.8755985814370674,0.49472928381949627,good
,,,,,,,,,,
0.5655133101710629,4.046234200029128,9.0,2045.0,94.2783864894298,96.07154165423815,3.0,4.0,0.6868460192006557,0.4326488826193041,needs_improvement
0.95746072179525,2.7484947130503983,8.0,194.0,3.7972940650604823,49.84709678707323,0.0,3.0,0.8176842667538983,0.5279539857562868,good
0.8618758396974171,4.170692379982791,4.0,377.0,1.2229121731226162,135.9512598537813,2.0,4.0,0.9221496471369413,0.6258026706859071,good
0.5788285581300083,2.2742076621170173,8.0,264.0,45.62967106919727,44.56929646565164,1.0,1.0,0.8680398262308943,0.6399462022730863,good
0.7506191416149716,13.755806523807674,8.0,592.0,136.19494529198238,13.757177302436402,3.0,4.0,0.9018462607774438,0.596070566985092,good
0.5048060938422084,0.2823485600692648,4.0,504.0,122.46463988498199,12.149282346785064,2.0,2.0,0.7768831649069667,0.5149559118745087,needs_improvement
0.7289410348753406,5.594965044295441,8.0,200.0,176.0364022308743,40.57810079091403,1.0,3.0,0.6771798183952809,0.773908697673028,good
0.8282559323225479,11.095020101822522,5.0,245.0,295.6462399101527,118.48109955520698,1.0,4.0,0.9791616471189526,0.5378042870496021,good
0.6665737928852372,8.145262859735617,5.0,359.0,94.75562549731139,3.7560059045366865,3.0,2.0,0.6833778681109448,0.4012221260539234,needs_improvement
0.7530770226414928,1.016956065269416,8.0,1079.0,34.95729034962871,46.366384811613706,2.0,1.0,0.6913421614712439,0.49790831339705904,good
0.5361924444355973,1.754361551852207,10.0,239.0,321.93650529835986,73.44109348055244,2.0,4.0,0.7984178594820118,0.4593644801788676,needs_improvement
0.9182529287129144,6.31238895206279,5.0,116.0,80.90031888667966,6.131102658290299,5.0,3.0,0.8516479886249453,0.6147905065521103,good
0.8753796195326042,0.4401716411153974,9.0,1144.0,67.62164620825796,6.2084643233316905,2.0,1.0,0.5890496246357254,0.6791622455356205,good
0.7336337460973409,8.352889737068427,6.0,600.0,289.0493091127863,22.795411620919893,2.0,4.0,0.8986692319730376,0.689037430084345,good
,,,,,,,,,,
0.9020226444085823,6.539387627415336,12.0,515.0,492.9297240894546,11.051923358824581,2.0,4.0,0.7595109771078936,0.1894269542923271,good
0.7809067223478641,0.5281437040659497,10.0,772.0,29.570675935024337,11.075629952719003,2.0,1.0,0.7402084420656863,0.522337739534648,good
0.6995479642516512,6.324997182475949,4.0,434.0,139.89670395261072,7.001568297749665,1.0,6.0,0.8592980684674463,0.4314260744957989,good
0.49022360563638134,5.694330429776984,10.0,1199.0,19.493964451039474,47.19003590297227,0.0,6.0,0.5562122658528564,0.4912105664275397,needs_improvement
0.7294409965883492,8.886990175046721,12.0,629.0,648.715476895018,58.25773739089924,3.0,2.0,0.7471705890127062,0.46113446232615474,needs_improvement
0.8995825094077593,0.2124291618245035,6.0,515.0,48.47238076502398,60.69042194582109,1.0,2.0,0.538311584550506,0.24201087099203167,good
0.4226505574147588,0.1169095355984222,8.0,474.0,43.9871341054395,38.002181425950184,0.0,1.0,0.8319289605238696,0.47143986528588516,good
0.4294378135639486,2.334100309918004,4.0,449.0,439.4391269626747,152.7807700369411,2.0,3.0,0.7337689396732006,0.39704704042089606,needs_improvement
0.6541925741568014,0.8054719810726125,10.0,814.0,687.4720190143365,106.23566173457111,1.0,6.0,0.7499464233780297,0.4209872741658956,needs_improvement
0.6540898815342011,4.086578171036312,8.0,357.0,239.22226358617888,158.06708417327084,3.0,1.0,0.9149025274095293,0.5201506323499971,good
0.9015016938986437,12.465635819494986,12.0,862.0,25.795221586727163,24.616182140253184,4.0,3.0,0.897358652486642,0.311255269906072,good
0.6606936920664288,2.483625281183691,9.0,517.0,133.0502279261491,105.0979217248582,5.0,0.0,0.8756496053777499,0.3597772407632379,good
0.7652066615332483,9.320050333352635,4.0,438.0,339.22269904716785,71.95832915354863,1.0,3.0,0.7685583413781539,0.6957986340026519,good
0.7864434345856166,0.001204517663962752,7.0,315.0,169.94952411736512,20.773719439768477,5.0,1.0,0.8722008965411117,0.15744418475925676,good
0.7873832043503198,0.9227079569960918,6.0,317.0,28.449823153157183,5.635666210260698,1.0,3.0,0.7403715893301828,0.49475786628305934,good
0.8536466306477803,0.15447970828920238,10.0,520.0,37.72131311052063,57.38297115132486,0.0,2.0,0.965018427460707,0.7170442147182772,good
0.7881456648452967,1.9885799053534146,10.0,907.0,399.22853406152166,7.3353085276729635,3.0,6.0,0.9489790030239152,0.5501236809580634,good
0.5069579807469946,11.940148255692005,13.0,603.0,149.74430984712785,17.39112690378256,1.0,3.0,0.6852310832988396,0.6429525954822504,needs_improvement
,,,,,,,,,,
0.9037884537195581,4.662224767003248,16.0,112.0,93.38169323632476,56.953363644193246,2.0,4.0,0.8734471166152492,0.3033841070852554,good
0.8606121125828148,3.0028029784170016,6.0,729.0,152.06501841052454,130.33856881931987,4.0,3.0,0.5558046519842231,0.5435396794379427,good
0.7438779276207111,13.941006828007138,9.0,3450.0,755.351102531897,44.97660291591595,0.0,3.0,0.9665342944411588,0.4207594636108797,good
0.8862059979969436,0.6535006936857533,16.0,323.0,80.00688727761128,55.64769696371591,0.0,1.0,0.907586007397562,0.4922218440383141,good
0.6493591532015203,1.1914626651289326,9.0,278.0,224.65592473318122,18.554187713743392,3.0,5.0,0.8290111527744048,0.3899275138168936,needs_improvement
0.7458742752944151,0.14993560813517737,7.0,777.0,37.87057747945026,58.124370124015755,1.0,3.0,0.5416518667274457,0.3597277709254321,needs_improvement
0.656066022173485,2.8452340368877973,3.0,202.0,25.96249419543898,28.79400240727782,3.0,5.0,0.7991213511597798,0.5476912281433713,needs_improvement
0.900007561454939,1.6274936291073643,3.0,1335.0,306.1624212420184,97.22147629526839,2.0,5.0,0.9347604081189715,0.2764931824325551,good
0.6739637174971622,10.197487523646135,6.0,561.0,371.7186332371128,24.916082424330444,2.0,2.0,0.8913117294652757,0.9480752481070673,good
0.7969248275138445,4.643598426501121,4.0,394.0,220.7119184934368,31.58116196559418,2.0,2.0,0.530776829658287,0.2589877053617359,needs_improvement
0.5017974274612322,4.760765048135412,15.0,217.0,34.441575589899834,28.333458965577602,1.0,2.0,0.7855122093833886,0.4414732769282061,needs_improvement
0.8814340350530484,3.7954809131917684,11.0,817.0,55.04215682363787,83.33291960901857,7.0,4.0,0.5479898182025233,0.5961672628660654,needs_improvement
0.6383548830658037,0.48173043561603934,9.0,282.0,484.21902178131154,153.62979874424732,0.0,3.0,0.9114705900128521,0.14038757684133144,good
0.7184272563106322,2.944104150861848,5.0,711.0,68.13333787431152,19.821029243739545,1.0,2.0,0.9820792166215441,0.7017564120494073,good
0.8285240207327975,38.05668059191408,13.0,555.0,341.6975831505946,32.220508105571994,2.0,5.0,0.8492809695962659,0.6324731456575542,needs_improvement
0.9226126900090038,9.016002065098697,8.0,1133.0,67.35689796834764,61.19623747632402,3.0,2.0,0.7054383548387377,0.8864114823159742,good
0.7505922226809215,11.196129499035516,4.0,458.0,560.8986832771091,112.87180226098057,4.0,4.0,0.9214786069073457,0.27643830244186646,needs_improvement
0.6571832711839596,8.664426153272348,10.0,4880.0,491.73766551626284,34.031363817862584,2.0,6.0,0.7985519986139341,0.32590218682381816,needs_improvement
0.7947412376816513,0.5437294948730497,11.0,628.0,8.845384783079785,5.76456696334057,0.0,3.0,0.8851919740623662,0.23616831141171676,good
,,,,,,,,,,
0.8531268922508128,0.01563266936831929,11.0,295.0,37.136261343913084,39.965610480941365,0.0,2.0,0.9585645624395397,0.5497251838414408,good
0.8528102072815837,1.8085101133175128,7.0,813.0,48.483528268291884,27.02341682181363,5.0,4.0,0.779555863371295,0.20106768805265843,needs_improvement
0.6533350972267679,0.5748516134232788,4.0,300.0,123.17990733354209,10.323892858737942,1.0,1.0,0.7887318237579132,0.37438713962640346,good
0.8896907065817528,3.2008133657634206,5.0,217.0,171.7544917177394,1.8845479490505672,3.0,1.0,0.9011269974338133,0.4156800649335772,good
0.8479548068239103,5.65248867570898,6.0,277.0,78.84561186964524,58.142929198173775,1.0,2.0,0.8891011837276984,0.7546579977692085,good
0.8194779389220813,10.377458564194246,6.0,345.0,171.31371074713815,246.24942898461413,3.0,5.0,0.8915437271511759,0.6673051837668597,good
0.7692879176374906,6.915839569584281,9.0,2440.0,37.42462228780678,125.79302097533005,2.0,1.0,0.6591731605832934,0.33423312964035523,good
0.8070232584914844,13.950554374505995,8.0,509.0,4.518183687628237,57.48542394422663,2.0,3.0,0.8398312874257033,0.43209249931490146,good
0.808180705700127,0.2770260013482994,7.0,237.0,169.3643093373402,92.10943848506032,3.0,2.0,0.8575258978124551,0.5195203230806521,good
0.7447802266416592,0.06127308727113244,8.0,963.0,145.71974932052308,14.767410346903889,3.0,5.0,0.8390373618187071,0.3644889862210834,good
0.45958553733574997,5.413765276347773,10.0,469.0,234.01347182494075,48.70055230555805,3.0,4.0,0.9151513040306197,0.44689307450231835,needs_improvement
0.42565173323835115,1.7078931318856267,9.0,1136.0,209.86277186193422,3.125919636527446,4.0,3.0,0.5867847610551974,0.5000238985515413,needs_improvement
0.8146505682093991,1.461805115817974,7.0,1861.0,455.5519226929177,61.410530267150165,0.0,6.0,0.6274574812017955,0.6651365902638685,good
0.5166006819048703,2.0090122767902012,9.0,122.0,123.04051730654008,175.11557799638368,3.0,3.0,0.9164621903258744,0.6509185139763339,good
0.7281572785532243,1.572157055534071,16.0,60.0,1.680939080633444,98.59120932848178,3.0,4.0,0.9227353052511235,0.32819981583068547,good
0.8552801141502772,3.5814281719959036,5.0,1984.0,199.2035670694833,38.22580879383065,1.0,3.0,0.9298493468001924,0.3054791170074832,good
0.8513286555473982,2.9004180736140563,7.0,232.0,224.86753107907856,77.7333357352754,3.0,3.0,0.7739080268563158,0.7520159414072888,good
0.7963340208482402,3.5915921900231824,12.0,103.0,147.41771933243535,144.02991268166434,0.0,1.0,0.8465440736366868,0.5160338153882299,good
0.7200570324449593,5.584598427849748,8.0,265.0,233.78862755324553,12.168433986195797,3.0,2.0,0.9554936904139564,0.5324697076694193,good
0.6214211417629312,2.448016338932204,8.0,186.0,78.18934629746501,78.81430605745847,0.0,5.0,0.7635327873167174,0.3952696347339294,needs_improvement
0.9796232653202306,1.4471358855888488,8.0,217.0,32.223583026220446,15.725056009723623,0.0,2.0,0.9373481644764429,0.36608289795444837,good
0.8287002640384762,0.9088117867280439,15.0,799.0,218.45865750883286,104.75717755206179,1.0,5.0,0.7315805943160473,0.5485460655987175,good
0.964118316430017,2.1498709816078816,7.0,302.0,56.256897267533525,5.176692900113217,2.0,6.0,0.6753011777713128,0.4945237461856952,good
0.5634071622556887,6.770229396484067,7.0,110.0,121.87738328055356,9.814031781073979,1.0,3.0,0.8828899209031515,0.5075670618166598,good
0.46418193769673494,7.067401053505767,7.0,414.0,135.30629015201737,63.75848791377457,6.0,2.0,0.9194286360387806,0.5359238628859432,needs_improvement
0.6735703649571068,5.496643526429264,6.0,204.0,129.7110874757108,9.605111836045634,3.0,2.0,0.7526959332355775,0.2605757630349516,needs_improvement
0.793403345251237,1.3330494615149402,7.0,330.0,182.48421756268166,8.601987919539637,5.0,3.0,0.6011185880219342,0.30331135647077256,needs_improvement
0.7951934228264229,4.434706430724685,8.0,345.0,5.979235868086553,40.53653551332132,2.0,4.0,0.9107022324774513,0.4926864289556918,good
0.6244677750949894,4.227876109968583,13.0,793.0,914.7826609896172,90.08662304274728,3.0,1.0,0.9738239771976284,0.5867601168850914,good
0.8659375322309192,3.3108226721300986,10.0,269.0,251.97497138265206,15.630676405243953,4.0,4.0,0.2784185637533841,0.42437184002610473,needs_improvement
0.6237325852020372,3.9923050019164648,9.0,705.0,110.81197376503098,91.98602641223647,1.0,2.0,0.9419587751061311,0.5456578749260818,good
0.5400628802493327,3.384308879028172,10.0,112.0,42.47287872001449,82.50086050422874,4.0,3.0,0.8180306427430671,0.3236032231435774,needs_improvement
0.552010547531129,4.167294580070368,7.0,827.0,16.714873860478615,43.26864176089692,0.0,0.0,0.7821712935727791,0.48461419434829783,good
0.7287415505259812,6.2852147788089,5.0,1140.0,223.0644779744384,52.002466522159395,1.0,3.0,0.9228522545708299,0.34715508058948125,good
0.6928458849836525,0.5805807219786464,11.0,335.0,76.23908722068407,2.0640834771017946,0.0,5.0,0.9214993158284135,0.541427160482756,good
0.856013911503651,6.923992445453134,11.0,209.0,52.13753329371092,22.874951595518596,3.0,2.0,0.7780172949419745,0.675646501120391,good
0.481373540778043,0.7302537408671039,12.0,170.0,95.59244689508459,15.28516967686387,2.0,6.0,0.88759301740056,0.7834641292378868,good
0.6090233244812274,0.3447572103528152,7.0,395.0,179.75062758946893,8.126173577020522,2.0,3.0,0.7146406233272976,0.5667093986202423,good
0.7149252566676424,18.665136160770604,7.0,1067.0,222.76866891834058,24.686900045653605,2.0,0.0,0.9014944707112987,0.8036062409012271,good
0.863393327834685,15.731818799948572,10.0,286.0,207.22333458021166,21.917822021079512,4.0,2.0,0.5983495083270646,0.446085069490336,needs_improvement
0.8120930702048361,0.3116996055041094,5.0,981.0,397.9429600478305,65.2618413133726,1.0,1.0,0.9624661796393084,0.18984397814391804,good
,,,,,,,,,,
0.5635425306440042,1.0304793263168646,10.0,304.0,202.53068283141343,122.1499019224478,2.0,4.0,0.7614695407287654,0.6279679449661995,needs_improvement
0.9013787006724407,3.3212915292168503,15.0,389.0,21.319895723577073,7.856531451697575,0.0,3.0,0.5377985534747914,0.6907287495078939,good
0.7259927953882912,8.864999958516936,8.0,479.0,158.78572364285571,3.0803999164455242,1.0,4.0,0.6699879242088081,0.5839159387929708,good
0.7127236895703604,15.040216191592963,14.0,309.0,175.39400594094573,38.24373805764003,0.0,3.0,0.8284829651593759,0.4544242088150977,good
0.558330124790901,5.029062469656442,16.0,1093.0,48.72979633193558,0.05138332395707791,0.0,4.0,0.9479995496087584,0.34460863355834453,good
0.9424255126952327,2.184048799361963,5.0,1107.0,99.41516078706482,77.4922071198984,2.0,5.0,0.5915050834709045,0.4433911735909288,good
0.5899372156934098,4.623196996639145,12.0,350.0,351.1158550433727,35.25824410478492,3.0,5.0,0.9556894608593175,0.4046023477218514,needs_improvement
0.6646836545588874,1.869841697320203,11.0,266.0,32.12979549624761,33.47793701917103,2.0,2.0,0.8526223345091791,0.3009751309605243,good
0.645897413813446,12.029939898739402,9.0,249.0,114.0111886037784,22.50973470429012,2.0,2.0,0.825005969882347,0.7673715066259419,good
0.7785039213144704,10.216530342089275,3.0,922.0,539.817312596185,23.498088397997574,8.0,4.0,0.9769087434462909,0.4462334357268729,needs_improvement
0.5203187320189451,4.084849281544591,15.0,236.0,140.2797977346208,28.20549039358058,1.0,4.0,0.8821344965290794,0.21855434938588494,needs_improvement
0.8949544265517791,1.9637236466686523,3.0,125.0,258.2941048819029,0.8081126410891086,0.0,6.0,0.8031021027270707,0.8559404314036266,good
0.6935960037699553,1.7363796638065812,6.0,141.0,350.73792926000704,4.362158586208848,2.0,5.0,0.8329444535571814,0.6133520570229367,good
0.952220672224975,0.16994568120234613,5.0,687.0,45.574536923035254,35.16472656214722,3.0,2.0,0.43243127595109926,0.5164698519521872,good
0.7193235947990716,8.459231796584481,14.0,135.0,49.23567436561895,8.133139063950496,1.0,5.0,0.5352776767504652,0.18127323999055198,needs_improvement
0.8087405140032512,2.9926699728970334,9.0,293.0,284.252915562977,75.42594917985,0.0,2.0,0.9084562411471977,0.7970432181374554,good
0.5706843868306835,1.9661976923320512,17.0,437.0,279.9219138120432,16.043688565562707,2.0,5.0,0.9498693620605747,0.22867756920409196,needs_improvement
0.8887438484840613,3.1848773973390854,8.0,105.0,12.414088938876743,5.151474915622302,1.0,6.0,0.799763800815729,0.5158887481534256,good
0.9511841079867902,8.5390586394094,4.0,466.0,77.86862589429049,13.407694787970451,2.0,4.0,0.8590069456109657,0.5865742187064785,good
0.18186936403403572,0.6654529215883148,13.0,311.0,101.67655263236539,22.088166746540807,1.0,3.0,0.7522921685696023,0.8625557878390758,needs_improvement
0.7547862014570338,9.747542665868416,13.0,87.0,353.26560560130304,1.797766164260663,1.0,4.0,0.8247107390326733,0.40265861012353577,good
0.6872466942379217,11.389893401489209,9.0,471.0,109.58862525927032,7.638653713952573,2.0,2.0,0.7240040023524656,0.3344953059580639,needs_improvement
0.5337344870497567,14.659837292676123,6.0,553.0,520.5459413378028,19.566776703530994,3.0,4.0,0.9104331521970819,0.8078296541350617,needs_improvement
0.6746317794527875,2.5332384211345955,6.0,467.0,1137.2539723496975,18.588013140103516,1.0,2.0,0.7092913297813128,0.40742751823460877,needs_improvement
0.6707619444091464,1.2240095728588865,8.0,603.0,303.4867890577133,80.56866334120059,2.0,2.0,0.7074129355091148,0.34686549814741946,needs_improvement
0.6401903199767296,2.339156500045399,5.0,495.0,219.55454198295593,92.65690151517218,2.0,5.0,0.5381258015102228,0.4113685744044547,needs_improvement
,,,,,,,,,,
0.715686256237975,0.9688577676878353,9.0,189.0,13.878471551057533,6.616028236505682,1.0,5.0,0.5204783194682846,0.21076904443468827,needs_improvement
0.9235309614882906,4.673122236542987,13.0,131.0,170.25925499890272,50.27829951937293,1.0,4.0,0.6458808386375883,0.5093896363987159,good
0.6764264648166665,3.237277253240918,5.0,159.0,89.79091441525848,81.64135488970106,2.0,1.0,0.8914937992423793,0.7775222930365278,good
0.8064272580121031,10.038432821705147,8.0,210.0,86.43310531693461,165.82870136970394,0.0,2.0,0.6644873768267604,0.6017723178747912,good
0.4979551382556065,0.16318200545416794,7.0,2033.0,232.7641285527779,0.3409742332471468,1.0,9.0,0.854584037696162,0.2689330000627355,needs_improvement
0.6544099744578722,5.16226813458098,9.0,212.0,124.5897011453045,26.69431728593073,1.0,4.0,0.7517442627419397,0.20972162973566785,needs_improvement
0.5167535268184519,7.197397293122886,11.0,265.0,278.9410021534783,66.21066173795236,0.0,5.0,0.43093554619894303,0.8728877106044135,needs_improvement
0.7247463913797888,7.124896728123755,3.0,334.0,101.55712408089903,88.17589190991103,4.0,3.0,0.7468049360307553,0.3444345351379065,needs_improvement
0.8073173130653032,10.8610293767145,11.0,303.0,32.70703867004937,3.215511289712028,1.0,3.0,0.6961051607784883,0.28757945922936284,needs_improvement
0.6706958191289425,6.5288048907034515,9.0,1723.0,123.73693540835635,57.06782513973474,5.0,4.0,0.9624965882392092,0.554319675860369,good
0.46153392002875,13.142273003979595,5.0,101.0,603.2380815770763,17.0498330384003,2.0,3.0,0.8122451280198663,0.650850750679195,needs_improvement
0.6630629646848052,2.0222526135269088,6.0,2317.0,323.41805254138416,3.8762958364042333,2.0,2.0,0.7452059819568265,0.3656393732526781,needs_improvement
0.7418798904603264,3.497933516782039,6.0,452.0,46.0712135867015,33.57932280022681,2.0,4.0,0.9615832817793813,0.1535047693720054,good
0.5210769519142807,0.07089861024049894,4.0,870.0,99.28611352153771,8.607869957246248,4.0,2.0,0.9258571401966248,0.44673916767708555,needs_improvement
0.7266470582001399,0.03490952085312116,3.0,410.0,525.6411509192516,66.78149164994137,0.0,8.0,0.800839636759802,0.37815572744215636,needs_improvement
0.4871057361943319,1.3730173271966042,7.0,774.0,26.409141355142996,67.59692690727975,0.0,1.0,0.5170744329089058,0.5587234480690986,needs_improvement
0.6603143292051965,0.5312890190527877,2.0,189.0,58.592596217952405,92.27946151408997,4.0,4.0,0.9535204238268897,0.718937553837882,good
0.7341452900148602,1.506953829651113,9.0,136.0,60.82263761439953,23.706099715883212,1.0,5.0,0.734349412608443,0.7723246537081015,good
0.6015590194292608,0.9742584271705841,6.0,3211.0,169.2283810610838,0.6699583229257567,4.0,1.0,0.9634387689966324,0.7132925494040121,good
0.8234349468545951,0.14467311332979887,4.0,1864.0,105.77528598130262,15.037415820084894,2.0,1.0,0.7517302761936633,0.6327266813000898,good
0.28981031808826296,12.001218192592443,12.0,173.0,16.64820941503608,31.537895200232185,2.0,3.0,0.7827562336734218,0.59407105478954,needs_improvement
0.7344403277530195,0.04128563916787402,4.0,715.0,198.40848638324454,59.210351927294994,0.0,2.0,0.8037680286320437,0.286937853057694,good
0.6734403917011328,6.660586885229424,7.0,1018.0,20.86728904387732,24.06662481566278,2.0,4.0,0.8216626058991567,0.36701401634868247,needs_improvement
0.8109175146992869,0.8252452667553098,9.0,684.0,186.49161029247549,38.398751703226594,2.0,4.0,0.937327796236437,0.4266319995345809,good
0.8162207361244725,12.16515607836053,6.0,341.0,141.4526207027989,37.144566664439985,2.0,0.0,0.9271877980098143,0.6615588392270356,good
0.7845431806946397,11.165105770513645,8.0,2037.0,136.11280065904717,9.015120793083115,3.0,2.0,0.693767349886789,0.6160265106037262,good
0.8542012998722514,5.3051542029748635,7.0,699.0,13.976420196702227,48.78207000508511,3.0,5.0,0.6037019630303183,0.8419728738879809,good
0.3892006027771212,5.5772789843438995,8.0,192.0,203.89763267255302,28.924159377000997,3.0,4.0,0.9392210021874077,0.39943642300853716,needs_improvement
0.5769838101034663,0.02676723062752661,9.0,296.0,112.88756958665363,82.4918283840903,4.0,2.0,0.9702333830495261,0.7739064744420017,good
0.5989248265105069,20.955896335110364,8.0,171.0,105.90185704473667,58.65782834337286,2.0,2.0,0.7758159066479994,0.619002577570581,needs_improvement
0.9044193789881653,10.511815364414181,8.0,370.0,181.49166871072075,5.909297564411755,3.0,3.0,0.39757916036933766,0.628234774749032,needs_improvement
0.7900807355379341,11.274035572658502,8.0,360.0,186.40683234691056,33.54565108548528,2.0,2.0,0.8035006921087466,0.8892990093118501,good
0.4501991031326302,5.382950882007854,8.0,738.0,3.029488237085019,60.61610455657503,1.0,3.0,0.9150027068130098,0.6187032557428002,good
0.7638079781211786,2.113973982406577,7.0,729.0,26.757919752104552,4.551612081606046,4.0,3.0,0.7367337536391881,0.6926717247955989,good
0.7455902985395682,11.205035174646575,12.0,550.0,53.97320389996001,78.63048192408726,4.0,2.0,0.5229622168639229,0.18064252826717678,needs_improvement
0.6764232367587278,1.723145565406814,10.0,538.0,226.62666851595094,12.551727885270719,5.0,4.0,0.7783842723886438,0.45254943360446787,needs_improvement
0.448746271217766,4.135811088804871,4.0,929.0,171.95425885785983,34.96679410385157,3.0,0.0,0.7252235745198279,0.452998855894895,needs_improvement
0.5636966338093885,0.5253082035374286,10.0,336.0,283.4572430229931,141.14047694224178,4.0,3.0,0.7496375780960106,0.35045228487499214,needs_improvement
0.9209776862172487,12.752388847856498,9.0,59.0,269.88281966305567,42.35388829308883,1.0,2.0,0.8988574033483536,0.47631297985461524,good
0.9657940743060659,0.7585958620262025,7.0,2183.0,383.7134949658077,27.587107848156382,2.0,1.0,0.7912823060580448,0.4290771310891996,good
0.6902876139541204,1.2737955229836728,8.0,194.0,94.58232628486715,0.34090590152308725,3.0,6.0,0.8512736006967279,0.37240223186616833,needs_improvement
,,,,,,,,,,
0.7482474028471096,7.221588101605377,4.0,307.0,355.5895421081925,43.216219557041974,1.0,2.0,0.7607415354313914,0.2795221066826667,good
,,,,,,,,,,
0.6411835379973808,1.320699633315606,9.0,186.0,123.67191239098081,22.614407997802818,2.0,1.0,0.8238262254431502,0.3450600709546742,good
0.4908406535803623,0.004717437359254797,10.0,228.0,43.21513057732131,128.33787506461556,3.0,2.0,0.7471618209209173,0.793440955194549,good
0.88509228408135,7.0765684988237,17.0,270.0,490.31157193434456,20.20948639451452,2.0,3.0,0.42780359089468856,0.8373996949444064,good
0.4429008989329187,21.068116073774277,9.0,628.0,104.78319025978524,38.517694289414806,3.0,3.0,0.8358839282804383,0.42377517555160715,needs_improvement
0.9548148011402324,8.301370248934806,7.0,482.0,47.775054250708585,42.049123337781666,1.0,4.0,0.8743190490030119,0.5706667119070946,good
0.32835831379184766,3.082844194299299,4.0,634.0,235.53979456535131,37.482531747519346,1.0,2.0,0.6869789744195647,0.6961802675040206,needs_improvement
0.933259290050238,11.704928305544698,13.0,446.0,56.11340311109749,32.46468686419945,0.0,1.0,0.8821004069231231,0.4149180471619631,good
0.6138089172048788,2.6368729712502597,7.0,850.0,574.7156831575259,20.553821308264965,2.0,0.0,0.599679142612236,0.28864713424321176,needs_improvement
0.3569924967547509,3.721508572807055,8.0,861.0,91.65201582939831,119.71508504276072,5.0,4.0,0.5742886630045312,0.39912255656792694,needs_improvement
0.8649260977248685,3.242109834599156,7.0,1355.0,218.51056413740736,29.964927210791757,0.0,3.0,0.7829624616160548,0.4373771396944542,good
0.7453819155555942,2.967630373235937,9.0,531.0,84.69881079569672,37.58638680072933,1.0,2.0,0.6419304332862659,0.7850300844669794,good
0.7469803975150247,7.462515499728831,8.0,529.0,329.2676702146993,53.42520378603912,1.0,1.0,0.6959348656066956,0.6183997827128034,good
0.7686803321495876,3.7408572083007496,12.0,1658.0,454.45529695395237,3.5026739597436762,1.0,2.0,0.9494996746609569,0.2978671841445452,good
0.7072150080343073,1.904231676769794,9.0,1051.0,310.1567962681833,76.00000649609451,2.0,4.0,0.9757471150731986,0.5203949064710115,good
0.5259777604908512,1.4930961124881805,7.0,610.0,377.43263540152327,35.923999185247006,3.0,1.0,0.799215364284818,0.530056817269645,needs_improvement
0.6619012816832729,0.19239099265817272,8.0,132.0,21.490502234984802,53.52704064280155,2.0,6.0,0.9743699022193292,0.27311937398903374,good
0.7109319867674494,4.375685904220726,9.0,104.0,515.574662921285,73.92312849545155,0.0,2.0,0.8320715585998054,0.6594504775236103,good
0.4187426110360233,1.3065732776053915,6.0,658.0,195.79325329001816,103.61312494491928,2.0,6.0,0.802722787257187,0.39950212198808654,needs_improvement
0.8061738207953588,0.8016297498649482,8.0,680.0,406.8439773821635,24.897149531409973,1.0,5.0,0.8256688162835072,0.22806346312015752,good
0.6407046093618867,5.304125953072564,4.0,226.0,230.6792373220508,83.41427095649514,2.0,6.0,0.9073214461326417,0.45631933917034273,needs_improvement
0.3140178457324737,5.716101860392699,9.0,535.0,45.09116164011333,14.976728198070951,3.0,2.0,0.8279790200008332,0.6535275713093737,needs_improvement
0.7222856978168839,6.974756467472872,6.0,194.0,188.0936850050689,53.98986788407578,2.0,5.0,0.8597466112993715,0.38508615438980554,needs_improvement
0.6832053797968217,3.5016334215322464,3.0,637.0,19.070208866944697,5.418658049315798,2.0,4.0,0.6283308473226825,0.625447138321364,good
0.5257692405486092,11.224157305174632,8.0,651.0,237.96338151061468,1.0116898504519458,1.0,3.0,0.8927335909629145,0.2160805817841437,needs_improvement
0.5756910450177584,13.771210548425588,12.0,647.0,105.18823846805863,5.033196213850376,0.0,1.0,0.8068917357207372,0.25159364246854293,needs_improvement
0.4526777054664767,8.234944536320706,4.0,527.0,32.912007664114995,19.237739244811756,1.0,1.0,0.8122550072791379,0.33049360565719765,needs_improvement
0.5890759193955165,5.047426134206695,11.0,318.0,774.8473551733755,1.5794156272230477,1.0,2.0,0.8845210640512188,0.21611555983585728,needs_improvement
0.434583670033502,1.8100238512494002,13.0,340.0,462.6977124934851,49.77904591350175,0.0,2.0,0.8854962961499127,0.14259098930695163,needs_improvement
0.6366361790910616,20.356536337076633,7.0,1019.0,448.004166516561,19.029689358422218,5.0,3.0,0.8235779512476831,0.6865185880182113,needs_improvement
0.5958747203605456,1.6019641993209075,10.0,562.0,311.00917585473906,66.661584515838,3.0,4.0,0.9497259813365119,0.5929934920152452,good
0.4567506345485544,1.132351155352499,6.0,596.0,235.5188431769323,2.3501327898968105,3.0,2.0,0.7131667475056267,0.6540344066319057,needs_improvement
0.9034122759574412,2.9183627216494115,5.0,432.0,212.88825323009362,12.212075727195879,0.0,1.0,0.7229778665329238,0.17103945864964304,good
0.5893493984834443,0.2925997229306184,11.0,679.0,22.430894638454873,26.21272150723834,1.0,3.0,0.9067146390147696,0.91306748742927,good
,,,,,,,,,,
0.6124085280649592,4.438924025553051,8.0,244.0,425.9422657821021,7.020531324350135,0.0,5.0,0.67488013853648,0.319255039957181,needs_improvement
0.8628075432829241,4.070386847783398,8.0,648.0,275.5483094062038,256.9531032889647,3.0,2.0,0.7219407323576335,0.31915445329116,good
0.8556657337944982,5.332607936509008,8.0,336.0,524.3239360119345,16.734462013585453,2.0,2.0,0.45653951774695667,0.24024919000156447,needs_improvement
0.8928367996386734,3.4360606173056887,5.0,518.0,161.07667879265,63.83292512621992,2.0,2.0,0.8127953222184712,0.4684670356366737,good
0.7968642778482421,0.1629440534582136,10.0,786.0,118.71189963561936,12.424779353938696,2.0,1.0,0.8803656085144118,0.7780596096392348,good
0.649427842559824,4.737762760960768,8.0,126.0,688.075408649192,105.1257696562584,4.0,4.0,0.7914637982095816,0.6462804722568785,needs_improvement
0.8318058322259358,6.296967355612115,9.0,169.0,124.77318024443224,24.531407818668193,1.0,3.0,0.835409024644729,0.25439139412011763,good
0.8798611342774577,2.6956887874652224,9.0,238.0,205.06740693443217,115.58254769480303,2.0,4.0,0.916636487527864,0.7085941150048356,good
0.6821060484486173,7.079554609813728,4.0,224.0,93.38157221165262,20.91497485536042,0.0,7.0,0.7587006464464543,0.42019328565954833,needs_improvement
0.69330029394193,1.287389556498237,10.0,354.0,202.2996077048712,0.4340698001761971,4.0,2.0,0.9108469472259353,0.287390684898285,good
0.5337327466350948,1.2504967764741615,7.0,1562.0,254.66385882690088,36.38904632968678,2.0,6.0,0.9167409030927803,0.23195193153004884,needs_improvement
0.8800059695758908,0.8802085082512099,8.0,1035.0,195.98221508705322,37.199706218426,4.0,3.0,0.9229151092453879,0.3130582299530756,good
0.3130328034180529,2.326033841319888,4.0,253.0,144.54112834138303,6.3822480305527645,3.0,2.0,0.7034482226704579,0.6695199076349981,needs_improvement
0.6861168598629954,9.386980116787603,12.0,808.0,71.36664775769246,13.391591492192939,4.0,1.0,0.8353986292070699,0.8431788724039017,good
0.5383917980936481,8.79874833122851,4.0,389.0,206.47822961242258,76.5072183382368,0.0,5.0,0.7813027013019413,0.5854038486020289,needs_improvement
,,,,,,,,,,
0.6516486491586991,4.4472550077661985,7.0,184.0,1.3873187611135354,33.62084591649435,3.0,4.0,0.7044558192641368,0.6895292744715841,good
0.565999937550052,6.379426749490056,12.0,140.0,28.757683861721244,37.79456545993566,1.0,4.0,0.6243951172791897,0.29380256317259656,needs_improvement
0.6656558934805786,1.3801298452117228,11.0,724.0,25.515126059204647,58.35184726107872,1.0,4.0,0.9062546780719263,0.28302225312770607,good
0.6600454813641573,0.9204621346650812,11.0,414.0,513.3239378592953,1.9087888692505388,5.0,2.0,0.5726614999172119,0.534577772200198,needs_improvement
0.8174665483987672,17.89492494002064,7.0,612.0,217.38478626471527,44.051769372907756,1.0,1.0,0.8955355899958588,0.49157604586318093,good
0.7852566517021147,4.805882376994842,9.0,1443.0,606.4299069265923,0.15514227140333428,0.0,4.0,0.7274679347384808,0.6828043553643184,good
0.8983538922395301,19.92719657785471,4.0,333.0,174.84427426965442,15.406374290198007,2.0,2.0,0.8612575633396882,0.5408238574982557,good
0.6129233956117405,2.0606059573154587,9.0,335.0,123.88007366819005,34.62579452492081,3.0,7.0,0.7371162677293283,0.7732359784902957,needs_improvement
0.7364691290952529,6.070649398977711,9.0,1660.0,314.3734348466547,121.11425053668671,2.0,4.0,0.8785729975974987,0.2563544131388782,needs_improvement
0.7806168542082897,1.2590246920003088,12.0,408.0,35.09515275363054,6.767498891319061,3.0,3.0,0.6162992655256004,0.22564019544991717,needs_improvement
0.5525044750103676,1.5136413124212433,13.0,212.0,96.03927709006922,9.273673683658641,2.0,6.0,0.881907177240864,0.5521052619056244,needs_improvement
,,,,,,,,,,
0.7417119125029301,1.9255052915195434,2.0,333.0,70.89501437569791,23.48911819212843,3.0,3.0,0.9703432508861707,0.4567140240340727,good
0.8550762031791971,0.9173404521060663,5.0,208.0,92.81563983715577,48.83142468482403,2.0,5.0,0.7364980232076823,0.39474574464126655,good
0.7362564950039121,1.5250276506780738,10.0,433.0,16.264829507024352,298.66487134127044,3.0,2.0,0.6901201865896267,0.5079850040193306,good
0.2906717991537165,0.18201508417577306,8.0,781.0,44.12524185839939,216.64910647156202,3.0,5.0,0.5630812307389981,0.502710232537526,needs_improvement
,,,,,,,,,,
0.6296724327311652,3.387517488538702,11.0,156.0,317.8196674651526,35.051443362987136,3.0,2.0,0.8403632286931876,0.7181716195315325,good
0.9152653641616829,0.494921470743911,7.0,378.0,40.300228109948364,117.53111031930158,0.0,1.0,0.6310484520306323,0.6601617245194507,good
0.7282572157648322,0.9418630967801651,3.0,167.0,85.12551446675019,4.834778383024262,2.0,4.0,0.8376342750151392,0.5893925320409744,good
0.8822277140176128,0.5409032096846931,7.0,145.0,13.424700012398635,30.101735745487574,4.0,4.0,0.6134059506052415,0.47342981009470725,good
0.9782224017372505,4.741394820513806,9.0,405.0,162.88421561010804,23.706795634355558,1.0,3.0,0.8588984342840992,0.35319471260241536,good
0.6463752174400718,0.49474094658528733,10.0,977.0,188.9642200196382,17.469560503968093,3.0,2.0,0.6388434658389154,0.1412346891972569,needs_improvement
0.7125201309048123,7.0178604871072086,8.0,757.0,401.2626984711023,257.5311909372152,0.0,4.0,0.8824786882418051,0.5351087456958308,good
,,,,,,,,,,
0.739690570399673,1.434250679674038,10.0,1125.0,67.20029680000998,24.612215889229148,3.0,2.0,0.8594790873048285,0.6321287809972583,good
0.510451852556782,11.066770218216533,10.0,1616.0,29.457385350864453,88.31098760550601,3.0,1.0,0.9147607438598726,0.3657378531456967,needs_improvement
0.7744226812939894,6.338670460111696,9.0,597.0,33.940269272916716,33.634503150154345,4.0,1.0,0.7273949006064068,0.3890259277819531,good
0.7332320158428736,0.37883776593017926,9.0,300.0,694.5211245356778,103.10932838131484,2.0,0.0,0.5648871536445533,0.8353403644761418,good
0.7726175940911645,8.605371078723687,8.0,1408.0,223.69718186935472,15.488194258825219,1.0,2.0,0.7943687752193972,0.702065451299697,good
0.9103091697814619,3.396567755226492,5.0,1359.0,8.70069809617907,12.65438602804639,6.0,5.0,0.7695469230248992,0.25346636755078344,needs_improvement
0.7062120307541093,9.379501195485243,9.0,494.0,29.41696654201879,14.20354212310761,2.0,4.0,0.5543238390784813,0.63854916070542,needs_improvement
0.580485289098263,4.590709401593361,5.0,1073.0,133.02862215132976,38.661556867758094,2.0,1.0,0.5348386880551065,0.45599075175923015,needs_improvement
0.9872602825985453,5.725894887477247,6.0,215.0,46.59555086610796,17.21709343617497,2.0,1.0,0.8177854909870313,0.7652934852412999,good
0.3757164153313157,25.18096595888973,8.0,77.0,325.5804518254943,7.956802550114396,2.0,4.0,0.9472257373319724,0.6739306914655006,needs_improvement
0.8618521078682181,1.3220127503106829,6.0,185.0,170.29597342573402,261.3269915122431,1.0,3.0,0.498669102152989,0.07048474368100444,needs_improvement
,,,,,,,,,,
0.8945418375164924,3.0839074168941307,10.0,380.0,124.2864746524395,50.394600065186424,1.0,3.0,0.8377614504164255,0.5224365371521021,good
0.8844001617369062,0.2012563751970428,9.0,870.0,59.159724656373754,111.07001677336366,4.0,4.0,0.6694954469015513,0.6311402774343328,good
0.5558662038646371,0.0728818118715084,10.0,122.0,178.0289148494775,137.02562544676414,7.0,3.0,0.9320748626616083,0.626019405588196,needs_improvement
0.7980539734844694,0.6347856969866164,7.0,124.0,252.44050859699288,56.36730266061525,3.0,1.0,0.8381073000818305,0.4428196658691895,good
0.6208150601552319,5.236152293674042,12.0,742.0,92.70829564014839,36.56112448084718,3.0,2.0,0.9542453940634945,0.47899451867027826,good
0.42223774225808186,4.186971341899949,9.0,127.0,140.61672907145498,106.85429214458956,1.0,2.0,0.7759100023018013,0.7765784710940055,good
0.513195917959736,4.030790666780094,5.0,324.0,366.1216454621377,41.94299432799219,3.0,5.0,0.7100711418905477,0.8092614815728764,needs_improvement
0.7718041344941963,0.1618761502882596,6.0,411.0,32.193852481628255,6.7795637994930145,4.0,4.0,0.815299776416071,0.5582580275738382,good
0.8566453343312824,3.1678201760831186,9.0,239.0,157.59024217651083,22.852869764020085,3.0,1.0,0.7313410472414149,0.7988649920171175,good
0.8027582411574596,12.926253368371476,7.0,640.0,85.66876686958834,29.522395800767637,1.0,4.0,0.6798625950824116,0.4698960756223705,good
0.5985381751204775,2.5341005271362893,11.0,77.0,242.6664658141502,136.953067839679,2.0,2.0,0.6142026743123784,0.4533561571839153,needs_improvement
0.5033589503118224,4.903112635751033,4.0,1746.0,3.797881215170303,53.82084283624587,3.0,10.0,0.5540522637771473,0.938332688539003,needs_improvement
0.5401185184065775,7.566519351922548,8.0,309.0,222.01957917175213,104.08322565089621,2.0,2.0,0.800722623157544,0.7873250709518534,good
0.8309288166304292,7.6606550060962775,4.0,352.0,21.717082904258053,70.85658939570285,2.0,2.0,0.8086973746751099,0.9006935328381107,good
0.9500979147983296,3.662352351780975,9.0,3480.0,13.392077603522532,18.543104398845383,1.0,0.0,0.8035520252673675,0.33621099844571734,good
0.9073534441660798,9.757949329849607,9.0,135.0,257.92306079197454,63.4182766826595,1.0,2.0,0.9647699840454942,0.6039208035141682,good
0.8674344317544331,2.482790235184268,7.0,174.0,204.52042484109705,10.864270683146458,0.0,3.0,0.7797657298127694,0.516242195744879,good
0.7412650203093344,10.97732529629809,9.0,1240.0,450.6369865870526,26.22474890063212,1.0,6.0,0.5678258041193609,0.7318688479373605,needs_improvement
0.9672576739209693,1.3736789676712218,7.0,116.0,146.6501182482861,82.01853612726629,1.0,2.0,0.5327442362257996,0.2324489542048326,good
0.46205809363558953,1.6440233870775511,12.0,599.0,151.01491096704348,47.328369181987036,4.0,8.0,0.7436028898283596,0.7757118865495333,needs_improvement
0.7962325709865997,0.2729178449354783,11.0,248.0,245.52870881855563,87.2664632222779,0.0,1.0,0.7798825823040827,0.5912516599461523,good
0.864543213852812,7.937937811415056,7.0,110.0,78.13428810901299,14.698663184703028,0.0,4.0,0.8909850484194124,0.4381654330202474,good
0.4764883013430909,2.6983142097237844,9.0,614.0,7.52219262703087,69.2645097586248,0.0,3.0,0.7831312917534984,0.564155551539289,needs_improvement
0.7231774821023343,1.3010908353380564,11.0,629.0,52.2848559652571,11.302661606752629,0.0,0.0,0.8739885227804666,0.31309335530553234,good
0.6928073148239454,1.3184625354642816,9.0,403.0,54.36526487285113,39.406329717449815,2.0,1.0,0.6477722695623687,0.6235694725606751,good
0.6820468556612228,11.583417106606614,8.0,2111.0,81.79189634875776,28.41696336884273,3.0,3.0,0.6561045451577616,0.6433685428009367,needs_improvement
0.5137134919004795,8.97632604964221,4.0,217.0,574.5710532121752,40.65015215112713,5.0,2.0,0.9714699874134204,0.38502965667573424,needs_improvement
0.9335300609079574,4.031925265953175,10.0,806.0,326.78997689791777,7.282131872489804,0.0,2.0,0.9668666667851845,0.6269276432162851,good
0.6789832442402502,4.787006553900762,10.0,524.0,549.6377521097107,22.4103750451225,0.0,0.0,0.8806742877543902,0.5182289806120373,good
0.5965422502599608,3.2153660664760757,9.0,877.0,1315.6313385150809,54.96620172488057,1.0,2.0,0.884728612891435,0.44747159461741426,needs_improvement
0.6444226601205097,2.48516049073393,11.0,269.0,113.75416496850504,40.88235050692898,0.0,0.0,0.8842416089672911,0.6159075157445469,good
0.7181180997036966,12.35365093494989,8.0,133.0,51.51421636547747,39.811044415841934,1.0,3.0,0.89759024666489,0.5018124569028036,good
0.8383610511426611,0.6711593524825217,9.0,233.0,164.19800190256902,35.752271544438294,2.0,4.0,0.8845102674713891,0.5305767097734263,good
0.8488729741421323,2.7102640299630805,10.0,383.0,425.9523906490042,144.01752596793997,0.0,2.0,0.966318293123302,0.6155770931625151,good
0.8752317038545097,2.1122571207796,4.0,695.0,125.37148662339897,136.33848967851634,4.0,4.0,0.8252760157947526,0.8397191055541628,good
0.9662431162925239,3.4472772195772183,11.0,409.0,140.80090276228216,22.325682414264193,2.0,4.0,0.9649462226823935,0.608342349282305,good
,,,,,,,,,,
0.9378812181830833,3.6582918565901634,8.0,1604.0,109.10256319795684,40.4726417685216,1.0,2.0,0.7276019705797417,0.12792545478744893,good
0.6707508716931342,0.7536434082277698,7.0,395.0,97.87637524231738,5.024524350468539,4.0,3.0,0.909797867036602,0.3526594957540698,good
0.7031853610582172,3.5989087782084606,5.0,263.0,86.67679853543258,18.048974099726696,5.0,0.0,0.616166596391224,0.4525824547028799,needs_improvement
0.7198263514400774,1.3881228547753555,10.0,573.0,436.60281121824573,13.124605409033743,1.0,4.0,0.6950766032020039,0.5745836409373425,good
0.8322392420549801,1.0187353571061528,8.0,102.0,12.226504712959525,12.640827902999598,2.0,2.0,0.8455166779081471,0.3882006951174019,good
0.5705952233931275,0.33515729649647674,6.0,102.0,716.1642330051877,50.87542617587443,1.0,4.0,0.8019214449119368,0.36004194437339404,needs_improvement
0.8587593126441506,7.19115107280868,4.0,362.0,1.6562036913166445,24.25386009092228,2.0,1.0,0.8274911888151515,0.6925752438851149,good
0.6633664243156376,2.7882055020689345,10.0,191.0,582.2562186973216,9.386671213852209,1.0,4.0,0.819239968114871,0.4992645242024847,good
0.6947043124041582,4.926110213491064,6.0,247.0,158.8356398896575,109.2720441728521,1.0,3.0,0.9013748049289189,0.5393558512820011,good
0.6237211790414464,6.5022963389905355,7.0,852.0,242.43140369908772,103.63270659258082,2.0,3.0,0.981253636961339,0.28390778974751757,needs_improvement
0.6296305595720194,5.686505695318766,7.0,614.0,41.43751790914693,99.19308755927251,2.0,4.0,0.9140475728829482,0.5536862140371173,good
0.6758222533852584,3.179117359978833,11.0,379.0,212.3856150674305,24.775914246187096,1.0,1.0,0.7501949766955475,0.25307769123249724,good
0.7666279670984377,2.4542860392352486,11.0,431.0,427.3423955116685,2.9335194713944737,2.0,3.0,0.9079816890223366,0.8920631003921402,good
0.3389371968841408,2.3577033265287604,5.0,287.0,30.043716759736107,5.6439923046081955,4.0,5.0,0.6489425181955374,0.2142114518086073,needs_improvement
0.7365176327359005,5.108934018736221,6.0,795.0,27.18264247232902,16.15151486627291,3.0,3.0,0.9433815028492514,0.616698043409745,good
0.8819467181577312,3.4139485733030734,6.0,760.0,72.47477588472859,12.421145188348373,0.0,3.0,0.9554372334464372,0.808229483796062,good
0.6270408995546922,9.456758202051263,7.0,891.0,35.28202693999606,103.56796263698098,2.0,4.0,0.6684016631182994,0.7003030470109637,needs_improvement
0.8932526809751472,10.385301269056788,8.0,859.0,23.451950339666784,214.73076164585953,0.0,2.0,0.8652381228306428,0.5321191012406405,good
0.8133712725789195,0.9350248021773298,7.0,421.0,226.83900391698245,84.82437241626197,2.0,4.0,0.8285637384533382,0.41539613304926165,good
0.8943911214223055,0.7322648839032536,9.0,230.0,48.11558357866659,65.438692853244,0.0,7.0,0.8270772489692725,0.7932531775214889,good
0.5745055043098456,4.976682223632017,9.0,352.0,219.93150659031926,44.4123990497072,2.0,2.0,0.7612552089319105,0.35828317513942554,needs_improvement
0.7402977438991326,1.7921377375597256,9.0,442.0,395.99777565983317,73.46386751502055,4.0,3.0,0.8956410273392815,0.19899112765142982,needs_improvement
0.4173568573196875,0.09372659791713167,11.0,235.0,211.12480828757208,146.90460474854598,3.0,2.0,0.8830386411736992,0.5061267962427632,needs_improvement
0.6226150292877909,10.975055266279199,14.0,1486.0,25.422878261121635,45.98290348828809,3.0,2.0,0.7705477848000433,0.4036973534321221,needs_improvement
0.8731181079111592,1.2867393254062656,7.0,1492.0,170.46496276322813,8.398052847628234,1.0,2.0,0.5066143572342346,0.6456610276012408,good
0.4518235618726146,13.245180378547381,5.0,366.0,100.05254964649065,8.947860165286965,2.0,2.0,0.8271949430133702,0.48640860250017626,needs_improvement
0.7636231442478623,6.319223615108011,9.0,920.0,84.12720232045375,43.83701364606642,3.0,2.0,0.7289445707564373,0.30162661798122303,needs_improvement
,,,,,,,,,,
0.41823633435417756,1.1248604590866957,7.0,271.0,530.2363333436459,120.53490034299902,0.0,2.0,0.9696042871841488,0.3789759601243044,needs_improvement
0.8562718301575505,1.334134804011124,5.0,560.0,271.3529034538789,47.291427198181154,1.0,0.0,0.865649833114907,0.4271926344806298,good
0.7856486843252698,3.683069114402597,14.0,217.0,28.739155557386926,56.426666599460795,1.0,1.0,0.742788522629694,0.3798176623560908,good
0.4322432373026713,0.9443136342839689,14.0,199.0,129.25481044409537,0.2918858229385709,2.0,2.0,0.9772077852485609,0.41243126858466134,needs_improvement
0.484720012475926,1.8223238347809088,9.0,590.0,76.61055289186952,34.542346614295475,2.0,7.0,0.8945521578300584,0.15275683463482334,needs_improvement
0.7726941126215471,1.9390774987960415,12.0,596.0,762.7825548490789,28.208218977090855,2.0,3.0,0.8518433562310788,0.6056377880159611,good
0.8451704348273934,0.8695646425472725,10.0,3481.0,763.6061291969122,61.18698726342466,4.0,1.0,0.7975065224999558,0.12628903612627526,good
0.5602340109596267,1.1482158494523322,12.0,356.0,76.99562369445079,24.115039342126966,0.0,3.0,0.6949731636629694,0.48143332802912153,needs_improvement
0.8357801124083619,7.7688771320994645,8.0,264.0,86.80783196408711,187.69764060517505,1.0,4.0,0.7032666245581823,0.46190172547690883,good
0.7852822661164418,0.9147839198237112,10.0,844.0,182.96546420474039,55.4639257914899,0.0,5.0,0.7397081019619594,0.24314600677518453,good
0.6883935464998312,0.1443507650705187,8.0,395.0,130.51893797227663,53.92847467875407,1.0,3.0,0.906744260830521,0.22815578303893566,good
0.8705011697600071,4.9625519649925325,11.0,240.0,47.93104235781028,125.8763341012607,4.0,3.0,0.7482079030043012,0.5507086096513739,good
0.5526460582167388,18.644991686135207,9.0,252.0,216.00453051945564,267.00734653257194,1.0,2.0,0.694762441109044,0.7181659069340681,needs_improvement
0.6787886499498588,2.011454366304934,8.0,349.0,81.33175721423484,11.021155831605704,0.0,0.0,0.7328867252019944,0.36376194665721007,good
0.6294030734335525,0.6315346355743773,14.0,937.0,212.09949408835,83.17705839934449,5.0,1.0,0.7733450919174012,0.6614037234885279,good
0.7199803670617948,4.224356164441357,10.0,569.0,96.79828796874264,8.855925526601702,3.0,3.0,0.7976525146187092,0.38126342990636186,good
0.6540482760027598,11.84117908710343,7.0,207.0,240.93453907602438,30.536299314559912,2.0,2.0,0.8690438394796305,0.6689364906576628,good
0.477325475785727,7.663814649666406,9.0,1750.0,220.40329781156495,5.278327084679414,2.0,4.0,0.7047025755667018,0.41924720325572956,needs_improvement
0.7651359522242048,4.871133733534744,8.0,195.0,142.18597427618946,48.82473018858296,3.0,0.0,0.767536257371429,0.38686034619414217,good
0.9452332656754123,1.8920946046036258,10.0,223.0,243.97978468304296,31.60431278206118,2.0,4.0,0.7839354394428024,0.7088535085933164,good
0.7813090458749358,3.9031224934297533,10.0,1026.0,123.59520592811425,49.537104269594835,5.0,4.0,0.6527439887429693,0.36072683231784625,needs_improvement
,,,,,,,,,,
,,,,,,,,,,
0.9125904879742702,6.456667009569013,12.0,143.0,56.47076102689784,17.409064624589625,2.0,3.0,0.6715063544813363,0.5614665965903247,good
0.9299947057253486,16.766555688087095,6.0,435.0,13.063269401287625,90.68772702526556,3.0,0.0,0.6754577808413664,0.6122251616491851,good
0.7261171501973251,1.5082110414087613,4.0,135.0,248.52971283591324,40.1130921971426,1.0,1.0,0.9189513989861735,0.08581422776913114,good
0.6962564591107148,0.09314431924987711,14.0,2944.0,91.5803038045747,33.65263893060874,1.0,3.0,0.8117014364941588,0.40179267703399724,good
0.7682036584594557,3.943980197246444,13.0,507.0,19.63798966397708,217.38630117316674,3.0,5.0,0.6496780732900979,0.40195885769468354,needs_improvement
0.5268133699966094,6.134339616993051,9.0,766.0,342.91315850360303,16.669403347740406,2.0,4.0,0.8049873521434798,0.28952864095968317,needs_improvement
0.546236531056396,7.81294997276007,10.0,299.0,230.18392538187175,37.54202503721065,1.0,3.0,0.841531506286171,0.47889816024284365,needs_improvement
0.8714297883899985,1.076738422427535,4.0,1710.0,120.37785352296346,57.33625524523146,1.0,3.0,0.8951844213235327,0.3916118726175479,good
0.7785845096471798,1.5173832231660658,8.0,269.0,56.8510129626405,6.689481751638793,1.0,1.0,0.7345028273239795,0.7789184641503951,good
0.5929359792238166,3.5932575965441482,4.0,202.0,32.915006906243946,21.86634670402942,2.0,3.0,0.906962139793309,0.6394872347889454,good
0.691876501689396,2.006873500998351,6.0,514.0,122.63598133277738,80.8958670690283,2.0,3.0,0.8970030834532551,0.6405556233087413,good
0.4791347360001111,9.848865111197858,11.0,815.0,432.99246655648506,13.509021814427019,1.0,4.0,0.9065071723821942,0.6728696003397656,needs_improvement
0.7138093604418513,3.209990943435352,5.0,2214.0,41.74838173824047,33.99085756472285,3.0,5.0,0.49628100004914893,0.4676224129922548,needs_improvement
0.5378951622919125,8.036666745459737,11.0,1467.0,168.1713698574224,49.79790339394995,3.0,4.0,0.899526145910841,0.32826770584661724,needs_improvement
0.7518593064302574,4.344886388502519,7.0,1049.0,652.3879579279085,55.60955625573809,2.0,2.0,0.6707724633309907,0.5354789253556911,good
0.7032746044095061,7.416012200002639,12.0,233.0,202.7347277793708,65.15475977793099,2.0,2.0,0.6428658499486126,0.6787363189656097,good
0.8762591761844057,2.0223753907254265,5.0,229.0,115.95110307433913,100.48731087789172,2.0,2.0,0.8898212320775413,0.6503156723142174,good
0.8723946345685436,8.901624131180041,3.0,199.0,252.01903778631754,24.949747732607786,2.0,3.0,0.7468462632768951,0.7329693944563598,good
0.9004498795851577,1.6049694423546281,8.0,357.0,348.1120635356858,61.316361648832284,3.0,7.0,0.542929108792292,0.7264136471987958,good
0.6437416205756517,3.94937871700656,9.0,87.0,178.57163519210025,65.87100908427507,5.0,5.0,0.8724705953842878,0.4420891346540539,needs_improvement
0.8342571054259827,1.204037682167076,6.0,1202.0,410.88323531962914,17.85333175534161,2.0,4.0,0.9462246242613506,0.3387552975411443,good
0.764602407825122,3.2268020898257435,5.0,177.0,144.55300177150252,172.34837711515135,2.0,0.0,0.7677999597337586,0.678218766781653,good
0.7513333909255723,1.914912797912556,5.0,161.0,354.4254915398384,100.20526637155469,1.0,0.0,0.8519418256734749,0.19128380548209667,good
0.5812044924408489,1.5510253112381749,9.0,291.0,607.3910380436212,17.11475081634331,0.0,6.0,0.593841751482813,0.37396374286782813,needs_improvement
0.6836639546198936,17.053969106958554,7.0,137.0,139.12744243282717,56.20707159325756,2.0,6.0,0.8325962530774808,0.8811917742231499,good
0.822123893558076,0.8722080592699971,6.0,675.0,185.77477146888702,63.257074391354585,0.0,2.0,0.63368147585277,0.3233191254060251,good
0.9739217641161061,7.739970189305403,9.0,186.0,188.04883930212887,28.236259108476336,3.0,2.0,0.8286466138423941,0.49662739737383277,good
0.7219435074254344,20.727650201546478,10.0,602.0,304.1342403539881,99.66072845776925,3.0,2.0,0.8657543374781279,0.5958721437253146,good
0.8794179767393611,0.1005109278708012,6.0,845.0,346.2825143362469,58.59615526781029,2.0,3.0,0.881027966275959,0.4171314621267146,good
0.779618138132719,6.003680474663965,8.0,259.0,5.521380825388339,53.669847000214865,0.0,0.0,0.865094360775075,0.5599302191324341,good
,,,,,,,,,,
0.6245983071766356,0.20665137007189138,3.0,212.0,306.3243775932646,26.19911568018516,3.0,2.0,0.7196473458839209,0.7679097453755096,good
0.6142258207437344,2.5782661141043146,11.0,169.0,241.0810589422669,28.451213257960788,3.0,6.0,0.6565379349032733,0.7425838601231972,needs_improvement
0.7269224698002174,13.683622808588005,5.0,288.0,250.13998114089532,66.14928540657647,2.0,4.0,0.6608465716112255,0.6370085165852215,needs_improvement
0.7539753786415226,0.059174253782710254,7.0,425.0,8.456874985544774,48.1684022555861,2.0,2.0,0.8471091661506077,0.652753938034355,good
0.5751154616863016,4.432272606707372,13.0,133.0,116.69312112960834,4.488609624594629,2.0,1.0,0.8907150024044419,0.6929506721558745,good
0.6323980850557412,3.4797202266651563,7.0,241.0,340.9472331558238,18.386646644228218,0.0,4.0,0.8713505741279719,0.443668033001208,good
,,,,,,,,,,
0.9226388586894356,0.4387039302858321,5.0,414.0,52.13479810583983,66.72931734985161,0.0,1.0,0.69445860860908,0.35666528426941335,good
0.3559670490900651,5.7210726689920435,3.0,47.0,173.11711875089713,68.04480818388244,2.0,3.0,0.9560479420513303,0.4074469127115492,needs_improvement
0.4642169723187219,5.698885747821575,5.0,669.0,326.2653872901971,33.720521601777584,2.0,2.0,0.8198210325237422,0.8226409962090145,good
0.5321776639010768,5.529393378079629,9.0,1086.0,279.1943212830849,6.217675201442076,4.0,4.0,0.840292146149351,0.6366297285410494,needs_improvement
0.8085354563981734,14.265480583687463,7.0,255.0,192.93350771205436,17.329399676285508,2.0,5.0,0.7195387858329475,0.6325812195090164,good
,,,,,,,,,,
0.48547296026687237,0.21439515971052345,6.0,218.0,257.3881751998257,75.94020757262999,2.0,0.0,0.9180204955466195,0.5266384058841257,good
0.584254586013704,3.1846173848926234,10.0,213.0,296.7748257836971,9.921712431305544,0.0,5.0,0.9597643190171241,0.5485937203451425,good
0.5950686803601186,2.5370992849078657,11.0,1053.0,256.6389245894015,31.26706475332893,3.0,1.0,0.9423607013433749,0.2011243015070548,needs_improvement
0.8143744580388633,1.8563853402793011,8.0,168.0,290.32378936315064,55.54215963505692,3.0,1.0,0.8726462449948742,0.42639634810722526,good
0.7003328775153825,3.001351841828442,11.0,302.0,112.74505650828799,167.31579458156585,2.0,5.0,0.916032378654797,0.5993009063457063,good
,,,,,,,,,,
0.7011128025682632,2.8311094250635827,10.0,458.0,294.6206419400953,152.7976263845568,4.0,1.0,0.6064653538047587,0.7309687853013284,good
0.7551626224368642,19.37890516213698,7.0,471.0,172.87253030916074,63.335397892734115,2.0,3.0,0.849395098604632,0.529224069496394,good
0.9879311319203814,0.4640479056669409,8.0,372.0,544.2005541658317,68.60790414385913,1.0,1.0,0.43912692252552815,0.24666968142095114,good
0.8079182529068958,12.770053555485614,9.0,881.0,477.62497856533594,71.19152500094867,3.0,4.0,0.5867651967956675,0.20881639505225688,needs_improvement
0.6414368904981884,3.271908946317213,5.0,557.0,337.01240009908855,99.24471957135026,1.0,3.0,0.7332302613949417,0.2637181965570736,needs_improvement
0.8548300166640703,4.887404265817185,7.0,1777.0,165.88271064530358,151.6047351410648,2.0,0.0,0.9289885691017459,0.5219599820842185,good
0.666137363494281,8.865168478763065,13.0,1939.0,149.77469688689348,29.50301539034681,1.0,2.0,0.7898331817263134,0.659696528218243,good
0.7480439951245756,2.2350542375714446,4.0,518.0,79.71019278978405,26.93647350875117,1.0,3.0,0.7341326811394853,0.5236385758470237,good
0.7877053773760255,2.8142969092857477,9.0,391.0,57.7706793979735,30.85233125256956,3.0,1.0,0.8213064050698924,0.9316271464582998,good
0.7593686762497696,2.6340846990936195,9.0,459.0,143.63537194996167,53.913603744371194,0.0,3.0,0.925692720286643,0.23711668960473611,good
0.7439568789619487,2.347866789414759,7.0,256.0,172.44658925640348,74.68181888334284,1.0,6.0,0.6531484282922483,0.5832027050578101,good
0.425393262211751,12.986749051110893,9.0,448.0,56.08209665339569,102.22086217451243,1.0,2.0,0.8422114842116419,0.1478499012805005,needs_improvement
0.5821299334094866,8.828409067401651,8.0,127.0,511.7569132779895,30.4596761575909,2.0,2.0,0.8488570090315248,0.39485683229826424,needs_improvement
0.763798822219676,0.577054200670983,6.0,228.0,162.9608406150054,22.578538251370293,3.0,2.0,0.7909901678019009,0.4603625346695074,good
0.45127664136424067,0.5721372174755326,7.0,756.0,149.52292265328896,204.77510570301934,2.0,3.0,0.6416342332621006,0.37461748587439825,needs_improvement
,,,,,,,,,,
0.5799605558775557,0.5193491183061383,12.0,364.0,11.965138548887655,12.551748490026785,2.0,8.0,0.5322769720789098,0.4944855119891633,needs_improvement
0.8876687562047717,4.826001391280244,2.0,564.0,428.0955182059382,62.834839385949145,3.0,6.0,0.8294802956647899,0.386264046119205,good
0.6886859146217016,0.7756234791611584,8.0,1346.0,76.2503932431573,9.901654692063588,1.0,6.0,0.8748375003271298,0.7887058553884445,good
0.5200461072997087,3.694628692507776,6.0,296.0,205.70179409332258,25.492055406872787,1.0,2.0,0.7448462626555182,0.8835437023123953,good
0.901430915837192,0.03623068478638072,5.0,127.0,187.0098959151723,17.292884689895644,1.0,6.0,0.8672390915522801,0.6855703827176933,good
0.43727422905529784,1.9033479802507214,6.0,666.0,175.64819146603529,9.238855866241012,3.0,3.0,0.8688052359698571,0.8075529103896303,good
0.8390479286008838,5.653468029628435,8.0,619.0,149.18819455749943,43.34018803820785,3.0,5.0,0.7447168795545916,0.8459610196356497,good
0.6946994228593202,3.308619909530443,12.0,740.0,40.04167530837196,23.381242300138467,2.0,3.0,0.8398893945579138,0.43427905985199355,good
,,,,,,,,,,
0.7400228446941364,10.361487449128612,7.0,121.0,148.54652210740986,10.89928161550877,1.0,2.0,0.6563569071656433,0.7079965341893623,good
0.6241542875759591,2.224181239411392,5.0,498.0,311.5042914673843,73.02219728242503,2.0,4.0,0.6945144075080558,0.4630588810660123,needs_improvement
0.6761296735321138,0.2327676791715474,7.0,471.0,113.12288851610577,18.895810644884715,2.0,4.0,0.6598309487443975,0.48547664182880335,needs_improvement
0.7513110208807571,9.341894967165258,6.0,303.0,45.611760540488916,20.982120060899856,2.0,1.0,0.6012630624053875,0.7984986712026617,good
0.7271691959667064,12.108775405322351,12.0,1283.0,18.410870610216794,14.527907693927542,0.0,5.0,0.8999927989343482,0.70424882256232,good
0.8335285546461064,8.591450178299578,11.0,400.0,217.5410000960841,28.493724002371472,3.0,0.0,0.4042830284649441,0.46990149238242634,needs_improvement
,,,,,,,,,,
0.9608119906471375,30.865254460672354,12.0,814.0,26.791071953782364,37.71570733093274,2.0,1.0,0.6170847157215825,0.7341344109252314,good
0.6452854746742033,1.4959685326457726,2.0,168.0,224.45821426355047,171.4309191934679,1.0,6.0,0.9856901118147315,0.2694658555150788,good
0.8470920769100475,6.440485633599202,10.0,198.0,46.532424618477854,117.5319756184978,4.0,3.0,0.9230597250170912,0.4529167526671308,good
0.8400527671028442,11.931729322058871,8.0,144.0,142.2687673315973,47.0026197418479,2.0,0.0,0.8034476014052078,0.35671467149754665,good
0.664889883245007,1.3438901871816757,5.0,569.0,73.11084252465848,1.9840212639165644,4.0,5.0,0.573116059092007,0.6214513585677431,needs_improvement
0.5653575799108024,11.94390517690789,10.0,436.0,536.7400106995007,47.371057310442986,1.0,1.0,0.8178120520048467,0.6396753006312221,good
0.8873588548279195,1.851563145005537,7.0,1188.0,51.82878828615406,4.697328868668736,2.0,3.0,0.8608661661240412,0.40870901136197557,good
0.8399233823722183,18.735344972357986,4.0,649.0,108.91734104162526,61.953104522699846,2.0,1.0,0.7863971717759389,0.4766369584255617,good
0.6892218005707843,1.6512781418334013,13.0,142.0,641.2590428708812,24.721180969685424,0.0,3.0,0.7310487348015636,0.27520784820833244,needs_improvement
0.6588855745296867,15.334619025671731,12.0,278.0,76.7579001100568,90.91435938710882,1.0,5.0,0.47544543586475146,0.716270296441943,needs_improvement
0.7649428242395045,0.27515742093429507,8.0,74.0,206.89842519973553,142.82395369365366,2.0,4.0,0.7897395871820483,0.3219756530928574,good
0.8224451332217456,6.17683598483115,12.0,510.0,76.17217121297476,26.987868774705102,5.0,3.0,0.7186329408046654,0.3537298413349274,needs_improvement
0.6700354612384825,3.7976223836378047,4.0,3761.0,23.458501498380542,30.86074967320248,4.0,5.0,0.7619426352386873,0.2246029945500099,needs_improvement
0.8263853454779826,3.249261171911968,7.0,447.0,197.52900967093578,44.597906888627094,4.0,3.0,0.8988506260574446,0.5374440149674077,good
0.7476616957737773,1.2647565707413237,6.0,473.0,495.4627941380308,10.978293060458705,2.0,3.0,0.7057851153162932,0.8148398048330521,good
0.893981515938807,6.114007955993685,12.0,397.0,120.5021875874048,131.09328636463837,3.0,3.0,0.82540652443445,0.46200549345756736,good
0.8333479816992904,1.058604515884479,8.0,536.0,196.79432645957846,28.36979228135923,1.0,5.0,0.639817638299775,0.5689248838176274,good
0.9948188444180529,4.024214115067237,8.0,356.0,187.7575880198647,9.125298844875267,4.0,2.0,0.9055655020321915,0.7785931456504216,good
,,,,,,,,,,
0.9657810516599625,15.57498726061122,9.0,217.0,190.84870199704275,12.368698333901678,2.0,3.0,0.9327740986498144,0.5317623873256025,good
0.6562409949230937,0.14524530915993475,3.0,224.0,60.03680191388129,7.746757084375979,1.0,2.0,0.5092794354733357,0.41913716995880185,needs_improvement
0.8987919586365257,1.1140197956060596,5.0,143.0,94.97522559523136,41.37646966506454,2.0,2.0,0.780925005657024,0.7405631453975772,good
0.95507863113033,1.3874087413926044,6.0,393.0,116.79358142005415,55.660199880248896,4.0,6.0,0.6463417363013412,0.7547029817139986,good
0.5572642284627408,2.6727561986751076,8.0,166.0,399.03284900173736,42.14768523971796,3.0,3.0,0.4879546583690216,0.40749270774119306,needs_improvement
0.8147350940437952,1.3245841696692202,15.0,1289.0,85.64428446817222,53.42995845513254,2.0,4.0,0.8903211433851561,0.6584831812802387,good
0.33104123627676496,3.379966666114816,4.0,285.0,201.64669403954036,6.1379956819860855,2.0,1.0,0.7180674475459355,0.24968816001588953,needs_improvement
0.7843445235842132,10.296842725606695,12.0,83.0,48.00805949692604,32.314900934827406,1.0,4.0,0.8779570686806204,0.5360695453937807,good
0.845248577071996,6.225075181614857,6.0,162.0,58.22285221674264,22.08197753184824,5.0,1.0,0.7255639714907017,0.6631034897092155,good
0.5611309574217381,4.3370502463309535,10.0,449.0,209.06864848505,181.28324590312528,3.0,0.0,0.9856490977965398,0.479301392354592,good
0.5913748654987474,0.4660793509172756,11.0,679.0,287.3575339513122,2.544875698025104,2.0,7.0,0.7039880770912256,0.6423148158648977,needs_improvement
0.7210565377373755,5.9207219389238555,3.0,535.0,124.02290855539843,17.712052773907967,2.0,2.0,0.9113013426179472,0.38402227895185165,good
,,,,,,,,,,
0.5126056757792898,7.717487480532022,10.0,255.0,482.1934915958689,205.20818013323003,3.0,5.0,0.8451539186948303,0.665546770352485,needs_improvement
0.6624339992082566,1.4387887666452193,6.0,232.0,29.192019725506785,87.12036107489759,1.0,0.0,0.48827858684870495,0.49189467730793635,good
0.5074018453877653,2.6982583907518793,2.0,634.0,255.10395670369488,3.952065346355862,2.0,2.0,0.9330078689778845,0.4179357416448249,needs_improvement
0.9521849374238961,2.1575328302268075,7.0,442.0,234.34678777758214,41.2032456849103,3.0,2.0,0.855679869955093,0.5138122688164876,good
0.73800073383952,9.788382523174418,4.0,282.0,234.3948283793647,25.5515316281485,1.0,2.0,0.7653254125411336,0.5410706910356313,good
0.6005960705800868,0.6764902395693722,14.0,238.0,547.9714790854761,82.11163341810838,0.0,3.0,0.9704365098133404,0.5651514413533542,good
0.8613489298196824,4.169464180536521,15.0,265.0,260.53061870087737,2.8297998962246163,0.0,3.0,0.743365275371638,0.6774188804203505,good
0.6779151747293706,0.7661149397501756,7.0,406.0,71.78268647127256,10.97804580891165,1.0,5.0,0.8340716003837898,0.3928488703542651,good
0.9066200223658649,6.100440405560138,11.0,1179.0,87.20833590800471,33.58837479741872,0.0,7.0,0.8606431822855675,0.3506245695170965,good
0.5294443768222198,11.77350561786431,7.0,468.0,99.22384997595938,8.57784498553199,2.0,2.0,0.8312637157548343,0.3765815983620235,needs_improvement
0.7509122677696839,2.851176854491016,11.0,308.0,6.2586479660469205,58.99900438219714,1.0,5.0,0.981376086369804,0.9212068502615147,good
0.8186795351648927,3.3480543300493975,9.0,289.0,489.5460250860376,85.95349387110284,1.0,4.0,0.7588912323142858,0.25983145485354103,good
0.8666169180968433,13.115524793687198,11.0,1574.0,15.279602368172258,60.957688316158276,0.0,5.0,0.7633932352669079,0.300350193453949,good
,,,,,,,,,,
0.6042406367959563,3.3432333033061967,8.0,882.0,261.98596241685925,105.34584428751288,1.0,0.0,0.7276634295293922,0.3295151532485955,needs_improvement
,,,,,,,,,,
0.5119857432191267,5.843506709547203,3.0,387.0,161.20148562700146,15.078137164970837,5.0,7.0,0.890800697881631,0.08282423931501286,needs_improvement
,,,,,,,,,,
0.7178422138818181,8.604935686364472,13.0,124.0,72.11448426805497,3.165022999476171,2.0,1.0,0.5573836808871605,0.6527411094544475,good
0.5239316166362981,2.859119007304411,4.0,1395.0,273.75691986111724,5.028919611078799,2.0,4.0,0.7560734376770047,0.3702721118917795,needs_improvement
0.9524662705028217,0.375495830953961,7.0,730.0,84.14084840171748,25.328681459573275,3.0,4.0,0.950258033046113,0.49805954511586376,good
0.41495638939282425,7.713166114317972,12.0,595.0,466.27610289596123,144.0187615650054,1.0,1.0,0.8441589246554928,0.7609454148250269,good
0.8186284329113057,2.3656423057475617,8.0,220.0,35.67749495444896,119.52367542001842,1.0,1.0,0.716456147896986,0.39007567893325207,good
0.9189378584086637,0.5288446346487521,7.0,849.0,75.88852306663821,31.365617962731218,2.0,2.0,0.8315620906192019,0.3380147395010037,good
0.6799858212315558,5.0225920532483945,14.0,1008.0,138.13782144187158,7.666799019042325,0.0,2.0,0.8222485181236874,0.6400463675806265,good
0.7145529098207907,10.606793738361501,8.0,229.0,299.08845879752096,9.807293041116052,5.0,7.0,0.684296190578151,0.8266523173440691,needs_improvement
0.7543777665765594,10.935290085578249,6.0,235.0,276.3004563813018,23.70428183440046,2.0,3.0,0.6460363488619681,0.1400839029948892,needs_improvement
0.8781539340486754,15.810525429103631,8.0,176.0,47.326036268805744,11.79081278814972,2.0,2.0,0.7903162646845426,0.39616454493810993,good
0.94465431553941,10.1136223839527,9.0,625.0,31.152057452862568,4.331059622823693,1.0,0.0,0.9361997871855637,0.43263167906462535,good
0.5199744880882105,0.010716071947758633,6.0,372.0,72.47238952201458,56.00877822839997,0.0,3.0,0.8723154742372662,0.16917593965276606,needs_improvement
,,,,,,,,,,
0.8496740356770864,8.533671264152217,10.0,118.0,154.87363585365048,17.215919928615268,0.0,2.0,0.8190881957834797,0.5209639001297808,good
0.8350593306657574,2.2805273364042593,10.0,201.0,112.12141265164838,75.46795208121277,2.0,2.0,0.6544024081394872,0.3900821713366282,good
0.6738064924079558,4.600847552844687,6.0,407.0,217.58795856816994,74.79405366357501,4.0,2.0,0.7229475006619878,0.5751814064023667,good
0.7403425567511137,4.661045641881865,13.0,686.0,111.56910142055135,33.76555665955468,3.0,2.0,0.9492589590679544,0.24750237565298466,good
0.8272616170295638,2.270850648817347,5.0,662.0,584.9765291527789,5.075760113150628,2.0,3.0,0.9162931205286914,0.4603391053934994,good
0.4522556516840562,11.741780279976341,7.0,431.0,60.483040926980046,125.33884351616595,1.0,6.0,0.8279849105481082,0.31614899707336186,needs_improvement
0.7467851704785011,3.49812402960404,6.0,534.0,197.4349999724095,55.23059102723684,3.0,3.0,0.6138768266402297,0.41473589823131574,needs_improvement
,,,,,,,,,,
0.7322117753706432,29.984889914796774,5.0,934.0,66.13871518474267,47.138736240190916,0.0,1.0,0.875502037807047,0.7376396096752481,good
0.9143317235506964,3.4011583704723996,11.0,258.0,106.09944426415767,25.961500076525716,0.0,3.0,0.5701644556423104,0.4546355075084407,good
0.34809045489271745,0.9824974636356851,11.0,283.0,90.97528315304623,50.44081507901198,1.0,0.0,0.7772273941057448,0.8671077680363021,good
0.9681385669933146,3.5981685907102126,8.0,700.0,37.869007160932625,32.11043254914643,2.0,5.0,0.3935304260103298,0.40914171529351684,needs_improvement
0.7120359457484892,8.410492926153067,13.0,1419.0,129.74768687666878,33.22527977077157,7.0,3.0,0.9518500656901261,0.20781347312379994,needs_improvement
0.8727274081653551,7.499786834050132,4.0,242.0,97.76790418261331,66.5679826989256,1.0,4.0,0.8149849223789498,0.6183449367704591,good
0.9333250846911328,7.769584757504745,9.0,489.0,39.28020825637518,47.560382968986374,2.0,8.0,0.9049442150050078,0.6472778588008642,good
0.5661822536490425,6.155414660394483,12.0,298.0,119.5237850590737,4.166509385026066,2.0,0.0,0.6270915898491425,0.7093031648528704,good
0.6232343834855001,1.4666085874273762,11.0,628.0,109.58229912611128,3.380418505766878,1.0,2.0,0.7803508343444423,0.4553830357395357,good
,,,,,,,,,,
0.6504839523003151,11.195397965708832,3.0,305.0,28.125598098460703,28.127529209145543,2.0,2.0,0.5152983858072299,0.5800884820886613,needs_improvement
0.5656331375388599,1.07930502161176,6.0,254.0,208.5451185362888,16.094532471661694,0.0,3.0,0.6317752158161961,0.1948806069918862,needs_improvement
0.7855292532410804,0.6989296234841764,5.0,306.0,245.23059836357328,52.70009352682716,0.0,2.0,0.7550395486265599,0.09453649201181172,good
0.7941079278425255,18.566878990599204,8.0,52.0,566.6560969522968,10.852354361522307,2.0,3.0,0.819499842083459,0.44152539765985294,needs_improvement
0.4341937583222217,10.13705321565963,7.0,2037.0,18.204907163336955,60.8936307659384,2.0,8.0,0.7967837594966876,0.5375081110599912,needs_improvement
0.5899466155352346,11.185679333837601,4.0,54.0,25.08123943692931,74.1734771635869,0.0,1.0,0.9676436116628837,0.4318101765422783,good
0.8596406105064783,10.87431956236006,5.0,590.0,10.641789503965075,6.637688044103786,3.0,1.0,0.839784691053726,0.4641528373772295,good
0.7487822020879429,3.9010126911333183,11.0,143.0,151.95504042639934,52.606416711143964,3.0,4.0,0.8462639875317848,0.6858093467272756,good
0.5785297921539644,5.197969298079449,16.0,149.0,194.96764133531514,162.7717727623992,4.0,2.0,0.6971892657407021,0.6239487106406623,needs_improvement
0.7356992241196619,3.9412782770104777,11.0,450.0,103.3430708226762,10.710665820150398,2.0,3.0,0.4414134266053888,0.3619073075262519,needs_improvement
0.5677950248219112,0.262819712860607,7.0,701.0,319.80072880994663,120.0114568209138,2.0,6.0,0.7853981866406952,0.5445374015384777,needs_improvement
0.5510290274368624,6.84233283129326,17.0,170.0,232.1184561692462,46.576303787755165,3.0,4.0,0.7174181231974258,0.5800448999219819,needs_improvement
0.9312311152759533,3.5193425794958904,9.0,166.0,851.4727838088074,44.69526666619464,4.0,2.0,0.9230433746041625,0.3054349458148614,good
0.8459398595071577,5.216489763336649,10.0,143.0,29.675637324061217,2.665961065979271,1.0,4.0,0.908091642642662,0.2673148941848382,good
0.8868875951519132,3.492203884509062,10.0,479.0,12.017032143130239,68.9759241433052,2.0,3.0,0.8833261038176039,0.9031707263495934,good
0.5799511857912842,3.3845124380461318,7.0,174.0,64.26258196702155,32.530545866128215,1.0,1.0,0.9411258961772887,0.91829959000345,good
0.7810674045456031,0.9424372916436753,14.0,1131.0,3.8467976450412915,63.85843764667054,6.0,4.0,0.8484320079845444,0.6785352628586121,good
,,,,,,,,,,
0.6699891070926736,0.8649423806794607,7.0,622.0,72.46723303037467,37.095486459623736,7.0,0.0,0.8506008075977163,0.41841487900279234,good
0.6636356657254131,1.0887052036119518,10.0,1388.0,160.78454039631248,15.302100349415445,2.0,3.0,0.7720258141497301,0.2731603515566066,needs_improvement
0.8164179464234352,18.05540500746885,8.0,426.0,76.56554546931183,7.6326520902709705,2.0,5.0,0.8716455998378285,0.44100258594382064,good
0.6688444812426778,0.8309426581925973,17.0,96.0,56.42182523786272,8.747626420918653,5.0,5.0,0.850371503328839,0.6388761795716613,good
0.5783035071188365,1.5685591258306821,8.0,555.0,33.06096694726616,100.84574738522802,2.0,1.0,0.9049917505702472,0.5998835329189062,good
0.7282996967192203,4.465186720387048,6.0,331.0,77.240148756118,6.59538389988053,2.0,5.0,0.48630691393214315,0.3822863261211645,needs_improvement
0.6663751754835676,4.71033266253665,10.0,390.0,191.12013361368548,24.281784632913688,2.0,3.0,0.8434297069733969,0.7165631492644757,good
0.8261877325145405,0.8360267017221855,4.0,1434.0,712.422576086308,20.343903765493696,3.0,3.0,0.9922258345129926,0.1651241698802941,good
0.5982633140195254,7.892541653255045,9.0,420.0,163.33073094267272,100.29307594638992,2.0,6.0,0.7128650300713629,0.8523319615612382,needs_improvement
0.5166141725311331,7.690306339930125,9.0,608.0,152.16064609780148,32.47503499957976,0.0,3.0,0.8809730835111731,0.5943529565000684,good
0.7095992498816521,1.3545686131043913,11.0,237.0,7.179954483128843,281.989949334238,1.0,4.0,0.8545624941406005,0.5321090681940889,good
0.9634081531442183,1.7030681204297617,10.0,322.0,366.6401006473606,66.7904714660654,2.0,3.0,0.9037588761887331,0.558969435444905,good
0.6143129728258067,13.902125973460908,11.0,990.0,9.175570563083408,95.16480938918754,3.0,3.0,0.9534940406228822,0.420766657291589,needs_improvement
0.7283639875517625,8.734067593786786,10.0,449.0,473.38691115494373,5.194317140719497,2.0,1.0,0.6652604665292471,0.1457074189322337,needs_improvement
0.5771273663264104,5.98328205698632,5.0,506.0,154.72907938027203,14.591349556206895,1.0,4.0,0.7576237545336753,0.7478439915264649,good
0.8095641634603103,0.42905987285964986,9.0,898.0,36.896763815981046,7.277086908445014,3.0,2.0,0.719380436568588,0.4843500195322079,good
0.8967942952641469,2.708693407402103,5.0,1486.0,120.18923566908215,31.145804556452212,4.0,3.0,0.8260200872723997,0.5423810350617949,good
0.9014656012655734,4.0969757755257925,4.0,160.0,1059.0436620454445,63.34340948077346,0.0,4.0,0.9459368692095061,0.31023521518373814,good
0.9272893993353909,1.0376509335920945,10.0,272.0,72.79253041956879,9.260099154257539,1.0,2.0,0.8648098473541679,0.5752597546606403,good
0.8355131227470117,2.9730889590331855,15.0,1295.0,62.79419509048426,6.972790774598719,1.0,2.0,0.8379044302729681,0.573193857351809,good
0.7273420729443404,4.594293600284422,1.0,1986.0,25.11398134386879,47.67481118898079,1.0,5.0,0.6777371248893456,0.7814905051866564,good
,,,,,,,,,,
0.7115035450509826,7.592158063208459,10.0,501.0,18.692317683617926,32.63146850330716,3.0,5.0,0.958411042120862,0.3219136078806681,needs_improvement
0.7744817562853691,9.176976520645548,6.0,534.0,290.4937249838807,2.6235271287605832,4.0,3.0,0.8044970643286757,0.21568405675281202,needs_improvement
0.6648045957876426,1.9549233090519849,7.0,486.0,503.21387495037345,57.06755784641636,1.0,5.0,0.7376960016888111,0.5368786285749986,needs_improvement
0.8716452943665337,9.121118514570881,7.0,491.0,537.2707889105334,38.96972956053338,1.0,5.0,0.7784702810919468,0.18610082038024456,needs_improvement
0.5218116403307812,0.5467119758241085,8.0,1202.0,22.83905278010512,52.12429771442238,2.0,2.0,0.9240717657051652,0.3016677508772889,needs_improvement
,,,,,,,,,,
0.8515525709388396,0.8287998899385971,10.0,238.0,20.43087768998144,16.3282817474028,0.0,3.0,0.9214040109324139,0.19691781594582414,good
0.9189932249622467,0.43284184389616503,6.0,672.0,169.73395957197593,80.8131910744399,4.0,2.0,0.6166051153254394,0.5846575183167442,good
0.7667171437383701,5.132975636970135,7.0,271.0,337.45890291941174,63.39221082103636,0.0,3.0,0.8019955226786467,0.5994851553266894,good
0.767788556582097,3.192701884239309,8.0,507.0,154.3472593733209,43.342735387122524,2.0,2.0,0.8467195123559348,0.26471244201726923,good
0.8867549209541726,11.923891412179515,15.0,962.0,411.2291239925614,49.462359334590765,3.0,3.0,0.7736515398995717,0.7375217716385062,good
0.7867347267033985,2.2564133932907344,10.0,1451.0,323.56898536048004,4.938236868718835,1.0,1.0,0.7639043630130328,0.6016867668127887,good
0.7512009955748772,1.6924371729101488,10.0,503.0,64.74431259609656,96.95661509018267,0.0,3.0,0.8597047002333644,0.7532892757107585,good
0.5106800243170522,3.4730903704101355,12.0,1328.0,198.90575035666475,73.46359237151866,3.0,4.0,0.5414355070984894,0.44966505082752095,needs_improvement
0.7913501618070325,3.043535568997004,8.0,451.0,1.4879465568949062,44.639885073945536,1.0,5.0,0.8072662074587196,0.4381478576102233,good
0.6598234910450643,2.111236062462148,10.0,316.0,100.85009613640355,125.41600966386439,2.0,4.0,0.4692197297735107,0.2921908157573671,needs_improvement
0.9480856055189563,5.916625525566022,11.0,117.0,54.35129028254659,9.2344924111405,1.0,1.0,0.7966501944370844,0.8306491999933395,good
0.5009590538213915,7.126461640823934,5.0,180.0,553.2938041927637,58.02290368924695,3.0,0.0,0.8105316501440959,0.8541946427677621,good
0.5819188461881031,9.58606821966311,7.0,404.0,103.96957769462394,164.8172495843332,4.0,4.0,0.7917119212351581,0.5978687097987364,needs_improvement
0.6135783451027093,18.033107648062266,13.0,411.0,212.30054611540945,18.553833680277528,2.0,5.0,0.8576219139416269,0.5398126290043876,needs_improvement
0.5029081521188541,1.5507032247508568,4.0,484.0,263.3399357424528,0.7705223702214646,2.0,3.0,0.8555871130794017,0.5262645492587972,needs_improvement
0.8626859271999773,6.295551293521198,4.0,1753.0,296.74839876973095,66.3762726685891,3.0,3.0,0.5149374781865718,0.6512745707652561,good
0.7585874446467186,2.5065075745680687,7.0,735.0,266.1909985613502,0.3502400444843004,0.0,5.0,0.49062857129311616,0.6203481240978919,good
0.41188580772358285,5.65178385549117,7.0,767.0,68.26300588371906,102.99514321848203,5.0,3.0,0.8252083215792635,0.362283180824208,needs_improvement
,,,,,,,,,,
0.5007110203254052,25.394385534151624,9.0,303.0,159.26179293445796,52.88763584424475,3.0,2.0,0.4922305332031795,0.5459706441624951,needs_improvement
0.8438283265012003,6.52637700374065,5.0,268.0,181.94877428070475,23.67521904046736,0.0,0.0,0.7244593059687073,0.9003996059308891,good
0.4462856521219303,15.234212179800817,11.0,1072.0,0.16298985794772308,11.366405576634039,3.0,3.0,0.5243140810472677,0.4426989511257399,needs_improvement
0.7985621729009148,9.0081263675484,11.0,595.0,59.75065343761739,114.26595059565874,3.0,3.0,0.8562027974591336,0.39240229828524237,good
0.6499480016063262,11.660121586840152,6.0,389.0,533.8150287652868,68.56947008367474,3.0,0.0,0.84825538412961,0.4479012448006733,needs_improvement
0.6180252259393577,8.421324486241744,8.0,384.0,68.51949485486075,20.809159565739986,1.0,1.0,0.8241463829581481,0.5076507854267944,good
0.7094874442726661,3.073150922895464,11.0,351.0,115.25620982623231,16.714447586163526,3.0,6.0,0.4980580003677162,0.3784739473949374,needs_improvement
0.9210032648764074,1.4503476230575156,7.0,372.0,41.32464878128206,66.59263728561876,0.0,1.0,0.9012785050176216,0.8267665802660581,excellent
0.4640132718060509,2.3127190189120106,7.0,402.0,29.839853774740156,90.56875905723726,1.0,3.0,0.7843839238184436,0.27754725572529837,needs_improvement
0.5764175143570204,0.10221895044935488,8.0,317.0,46.80778029277031,62.912732261086134,2.0,3.0,0.6990994619959809,0.6895963651302186,good
0.8211656283431441,3.711615353939552,11.0,629.0,161.3291793966878,51.08106587618073,2.0,5.0,0.5529932734933951,0.3687713376528597,needs_improvement
,,,,,,,,,,
0.39434416308601417,3.724839541980207,8.0,256.0,78.96414617560548,95.79950666778095,1.0,2.0,0.905575131977401,0.36245561106960744,needs_improvement
0.734923427170364,18.254302115777858,13.0,830.0,78.13735517880644,69.24716040858938,2.0,3.0,0.4936404836608034,0.37956206503237316,needs_improvement
0.7428245401507712,12.12116563505064,10.0,145.0,166.08710692370815,36.41533371770049,1.0,3.0,0.7186450510664372,0.35114733868501524,needs_improvement
0.6741133962986307,0.8819724530073847,15.0,603.0,88.24210135398499,35.829774013784004,2.0,4.0,0.9469007634698281,0.5679012535343708,good
0.8692849919276906,2.3013162778503773,6.0,628.0,482.5158164013944,42.10243630566248,2.0,1.0,0.8243339934624215,0.12948515557029477,good
0.6876459646217196,2.757857719296263,4.0,377.0,94.91418232935274,88.09345187927401,2.0,2.0,0.8914915368646839,0.55128642116357,good
0.8936325699805349,2.2356006682281566,6.0,422.0,134.8424182537879,67.79011018338807,1.0,7.0,0.9207172045223284,0.3779088638804282,good
,,,,,,,,,,
0.5525558753541865,3.712082831298036,8.0,268.0,304.7142502793012,35.39099214199142,0.0,2.0,0.7181227927121645,0.47510236219158636,needs_improvement
0.8397239181720556,4.244326639115644,4.0,403.0,165.97946472272986,48.99469240107179,1.0,3.0,0.8370804957134785,0.2502417321340961,good
0.7795597353288483,9.587074672353435,5.0,260.0,54.665150572323526,96.4036416188099,1.0,1.0,0.8253628040601152,0.34005164972269347,good
0.7825947378446295,8.197634226295659,5.0,1003.0,26.474916768917524,13.219118885928502,6.0,3.0,0.8427807518819845,0.49803577326516296,good
0.8492449299022055,0.7090364195206477,13.0,75.0,555.3982291448611,29.351209006436683,1.0,2.0,0.9005253968613843,0.4081834765207729,good
0.7040167498903589,6.257324278505969,8.0,362.0,323.4567165135501,48.46509570450298,1.0,2.0,0.6692712059961554,0.22521502434569357,needs_improvement
0.8901826647689725,2.8585087773620383,4.0,88.0,4.646603772376374,123.34130896771201,1.0,1.0,0.8839654617561687,0.6260770446336995,good
0.6072749789554316,1.7452979514759417,6.0,172.0,344.6658136219547,0.7981370187214507,7.0,2.0,0.7677549237027327,0.6972511256663058,needs_improvement
0.7140102630259775,0.2565655302989302,6.0,254.0,178.6114434327251,11.949240593267183,1.0,0.0,0.7441617669922385,0.3727187573650114,good
0.7421947920091756,3.3398301229287277,10.0,1178.0,146.3336294930858,13.358070624732285,1.0,5.0,0.8909984350221094,0.21930301135010305,good
0.7910847656939382,2.1959110792499064,10.0,1015.0,2.46091414324013,19.77173013200241,2.0,2.0,0.4348319886180157,0.38964794219845483,needs_improvement
0.3892928176045165,1.4485074817577928,7.0,427.0,303.6125989292598,16.549428402065764,2.0,4.0,0.7870399246286981,0.38203192949889747,needs_improvement
0.9612992149982423,5.931838923815089,6.0,424.0,44.145547908058866,44.59683389798093,3.0,3.0,0.9365331656786108,0.1803140795378935,good
0.7388292771138552,7.337205114804335,9.0,925.0,260.37682918637756,108.41156754103207,2.0,4.0,0.7554844313905721,0.7931735052660719,good
0.6888514114742914,1.403793929216583,10.0,997.0,3.19909918791502,50.664570135133644,2.0,4.0,0.8324901514396724,0.7285141450445978,good
0.39822029233988065,0.25355908938550975,11.0,254.0,318.2740732632194,13.822374795396177,2.0,1.0,0.8170440993221322,0.2758056121080829,needs_improvement
,,,,,,,,,,
0.3187157763517739,0.05004835615059888,2.0,187.0,53.80946434481431,49.989838779308876,0.0,4.0,0.949636046461009,0.587502874250981,needs_improvement
0.5883596634607103,13.832038832537656,8.0,295.0,62.470981801014915,12.35658173921323,2.0,3.0,0.9161862968556307,0.43757800347146397,needs_improvement
0.5994513208592297,4.939200511519047,1.0,648.0,34.27837395081775,22.444723158160112,2.0,1.0,0.7600763246779304,0.20850717850109995,needs_improvement
0.6135199811229888,1.9419090742676992,5.0,238.0,131.19270670021436,78.02400876761884,2.0,2.0,0.8573907158570643,0.5094375443211869,good
0.8370460288226597,1.4149847213035038,10.0,303.0,66.72787927363123,67.14856169758772,2.0,3.0,0.6896268177313974,0.2764549293464538,good
0.7449789026887997,0.04523230187155732,10.0,107.0,1000.7709387006507,42.96981404343821,3.0,5.0,0.8604516698199821,0.6759918056500898,good
0.6219150371508407,1.3424793324548432,9.0,578.0,173.48525379081678,7.819096019574647,2.0,3.0,0.6701345308097664,0.43151930080175843,needs_improvement
0.47298883385691487,0.7409243126317164,13.0,199.0,167.16246615848192,81.30105719274374,2.0,4.0,0.7421155521766368,0.5131925400814178,needs_improvement
0.4997827334734251,4.7358921753783765,7.0,209.0,49.91537833326471,18.375422793953195,1.0,6.0,0.7432146456375742,0.5797237985138151,needs_improvement
0.8442759976121618,0.9108813683031086,7.0,1192.0,105.0827830373376,73.83238887972978,1.0,4.0,0.6297339907415723,0.2542144347132173,good
0.7951769044411091,3.760557930318979,12.0,232.0,26.472813553531026,52.14464730605655,1.0,4.0,0.6538682021078178,0.44572575816027343,good
0.6400319098326768,4.459410582724611,2.0,736.0,287.5421660926424,15.337827397501124,1.0,2.0,0.6640747507205533,0.6229562548933341,good
0.969014261034478,1.7694063803755826,9.0,972.0,80.4418566585701,11.936293127730853,1.0,2.0,0.6681383392059214,0.4181441907484671,good
0.7762816217444277,0.17847242295411483,6.0,840.0,278.83775474612173,7.015425172941791,3.0,1.0,0.9385809209558574,0.7185963399567724,good
0.7022899740574008,0.18982768527624327,10.0,330.0,92.94623061915411,13.850048393550987,1.0,2.0,0.7897803817322863,0.4848377153448549,good
0.6199557451717903,0.13350321416541824,14.0,286.0,897.6061846546195,8.588611206482542,2.0,5.0,0.8622423975198107,0.4588654077672766,needs_improvement
0.8620882544482042,6.718563188177979,12.0,194.0,37.536368841037984,47.992705249434074,1.0,2.0,0.8856327556306078,0.4054532948154564,good
0.6637144564041326,1.9136992558645494,5.0,98.0,0.30501123811742875,45.6626573725829,0.0,3.0,0.8913407528562147,0.8144992299355155,good
0.8221977864100968,7.955539343492798,9.0,748.0,180.6875085196497,44.11524978648394,0.0,4.0,0.8817560832025727,0.3794457090022884,good
0.7845175537447197,2.825817951484384,5.0,693.0,611.3224859766298,51.34572722396984,1.0,1.0,0.7972328456315548,0.3145400487702011,good
0.838248934265568,3.016515022958556,7.0,590.0,208.288072763942,84.31177251731337,5.0,1.0,0.870115773953158,0.3260708686136495,good
0.5067964401177021,3.5962506117089554,14.0,41.0,17.924452349309153,122.411021643584,4.0,3.0,0.573094089611903,0.3969230903686572,needs_improvement
0.6333882481515194,6.241913366619611,10.0,350.0,155.51472897589989,13.092629733255217,3.0,5.0,0.7870114029202986,0.7972459441124133,good
0.5644525794993154,1.5976037034333919,12.0,667.0,480.45221732494065,44.30923627086156,2.0,2.0,0.7647668023547299,0.48997331396143595,needs_improvement
0.4029038270756526,0.6481940330777756,8.0,1129.0,1.3054649176389785,4.0787393529616045,2.0,3.0,0.6255548391001042,0.487042326369118,needs_improvement
0.8528198157629131,4.0602992910121944,9.0,512.0,36.523251123749304,6.399762318931813,0.0,7.0,0.75006847439685,0.23505794198627863,good
0.6222504996400521,1.9798835031115367,5.0,471.0,337.00645816669106,53.11488291989489,0.0,3.0,0.6191588660602837,0.6102316434201132,good
0.7089959030666335,2.921385974523684,7.0,234.0,448.6880431201171,33.333107467109485,0.0,4.0,0.8935844896096163,0.47774359011601314,good
0.693350197933227,5.205681327801784,11.0,546.0,245.6262028736096,71.00953774411965,4.0,3.0,0.7124746267624548,0.48921629095293423,needs_improvement
0.8642712982848334,3.4073357042758645,8.0,333.0,954.9584718333186,27.728208032527867,2.0,0.0,0.6556117502943587,0.41210245177789884,good
0.4741935306348946,4.8415901239273555,8.0,225.0,18.90959857756182,6.825270923379234,1.0,5.0,0.7071054943790016,0.10912267370881154,needs_improvement
0.5534800268035363,3.9285058340386794,6.0,159.0,157.78916289579863,102.8072136746189,2.0,7.0,0.9777668506115264,0.648576593743155,good
0.675605704449881,6.7314538481734,9.0,189.0,231.03317735942318,4.326309525326337,1.0,2.0,0.7199670946609155,0.6105012289346788,good
0.8157100302250695,6.119799744319414,9.0,523.0,242.5655254752453,10.47218142250426,2.0,3.0,0.8921132705542724,0.39063727542978366,good
0.8383045851012799,3.819886105279653,8.0,132.0,315.4760734781932,16.215703002438076,3.0,4.0,0.7936308950361493,0.42254482425011225,good
0.6169191592745377,5.680060428890163,8.0,318.0,499.29719466682576,267.80375516064396,0.0,1.0,0.9009303350082607,0.5439029027836572,good
,,,,,,,,,,
0.602281706948603,2.8305579685140185,14.0,128.0,8.782727246226878,34.82850465013456,1.0,3.0,0.7875275634964716,0.6479935287364962,good
0.5507449689066201,2.661634583254755,10.0,577.0,90.02197831211203,73.41791822279585,5.0,4.0,0.7642287002676124,0.6474447338732859,needs_improvement
0.9426240948188646,7.224823911267597,6.0,624.0,222.7135715835088,50.58718907828169,2.0,2.0,0.7883365194515853,0.649703270470685,good
0.8445571108095541,4.367998470024549,7.0,319.0,48.02134500546686,92.07502222527705,2.0,2.0,0.9798830252328589,0.6606029958264925,good
0.8736368563738207,0.36826919302303784,11.0,663.0,332.1177713473183,33.3187836977039,1.0,6.0,0.7736550161381508,0.3615653564216459,good
0.5739125476995456,11.133308862142684,9.0,347.0,49.63188552120778,179.09584860228762,1.0,5.0,0.6130482758035757,0.49190710816337035,needs_improvement
0.9248453058241185,0.15633427719502765,4.0,762.0,2.0228761425171085,79.68126998532978,2.0,5.0,0.639058626678239,0.3658196821254347,good
0.6545936685919471,6.899501358937612,9.0,171.0,141.88815024384763,25.655193208737302,2.0,3.0,0.8947057234641641,0.14978458476524803,needs_improvement
0.6773579327343161,7.110522652225777,8.0,1828.0,259.2626320478636,24.004461756383925,2.0,2.0,0.9175611519085684,0.4276377235207217,good
0.7105368151147652,15.299869957115966,10.0,1273.0,86.05056225897712,132.60088207123496,2.0,1.0,0.8558653744377708,0.7531464629387334,good
0.4836408698819673,0.27827400394119606,9.0,67.0,276.3774569419908,57.66646171884372,0.0,2.0,0.8662937411236413,0.35687041843845146,needs_improvement
0.9449309866641625,4.542317979704121,8.0,1030.0,115.39462875045061,48.568194168264306,3.0,3.0,0.9144541326521654,0.42159672388564745,good
0.8205048193127171,2.7916880187915587,8.0,254.0,37.67950377835213,70.9058976144077,1.0,2.0,0.8434980691474121,0.7667712907493419,good
0.44961204149845485,2.007113609306298,13.0,1269.0,18.98489747441297,41.14387069327235,1.0,7.0,0.7684295217002729,0.8354170053355097,needs_improvement
0.555609696786205,0.4733040351072832,7.0,904.0,247.9802230135932,8.668097099314428,0.0,2.0,0.689928630859779,0.5745256777185113,good
0.4193530817190449,4.135154543908931,9.0,169.0,97.4591886768142,19.225470680597684,1.0,3.0,0.9368989415305424,0.7770759004178498,good
0.637903816859236,3.260417042827388,9.0,639.0,487.8500333488347,40.81603309721401,3.0,2.0,0.5381755663979142,0.7364775283726273,needs_improvement
0.8441865104908849,0.5521693622643432,5.0,230.0,155.41668368759107,0.9167441153374123,3.0,2.0,0.673857453094371,0.5035622946840652,good
0.57252087539149,4.740061760481053,7.0,620.0,85.67483104236581,28.754938336038038,3.0,2.0,0.8352931520604618,0.3271928343278243,needs_improvement
0.7317353383301005,6.6961593044743335,12.0,418.0,85.84633996698636,70.48897540108972,2.0,3.0,0.888334388234413,0.8900976399208554,good
0.48173355500309345,7.289559822167981,8.0,225.0,28.18323046796544,8.97033073939647,0.0,2.0,0.7702086127634779,0.6397509668629706,needs_improvement
0.7845774513941671,11.789072104538548,8.0,138.0,180.1765856096941,3.336857492600277,1.0,5.0,0.733638749645135,0.22160587831591963,needs_improvement
0.3804498578829319,2.6336804827150835,9.0,484.0,174.53475437922782,90.4033277155112,1.0,2.0,0.9056820469578266,0.268872566954817,needs_improvement
0.8367358223507508,15.2957857281726,6.0,584.0,321.88127452279065,48.02178034208878,2.0,3.0,0.8134764542649812,0.5950394837282,good
0.9562461043752731,10.028331741811158,7.0,355.0,44.92817496552436,9.714381627686661,4.0,5.0,0.584063636371312,0.34957244790167774,needs_improvement
0.8266760973434146,1.758448177921645,4.0,217.0,68.72062007414385,82.07352108855929,2.0,2.0,0.7071136512230346,0.4769257946291467,good
0.7230683156873668,0.8675011211342637,8.0,274.0,20.459258392606834,53.66615925979432,0.0,5.0,0.5347372966524606,0.4825390447486408,needs_improvement
0.47499728557537824,2.8580949106382976,11.0,167.0,70.00859746011099,20.33223540176681,1.0,4.0,0.7406669877674869,0.2537239052169083,needs_improvement
0.9232115639854379,2.569975773432265,9.0,726.0,111.75896551716171,23.595974924525525,3.0,7.0,0.732909708716936,0.30218973298442153,good
0.9514462507599835,4.286800135288175,6.0,71.0,665.0051412541068,8.473514254619072,1.0,3.0,0.7902481890139461,0.37790547569243815,good
0.6587805137043788,4.377978515001458,10.0,863.0,211.72414542833127,90.16800309597608,2.0,4.0,0.8260149510133011,0.562423983891378,good
0.4723549179308597,6.931211499974977,6.0,379.0,305.4554250758448,35.566234920765524,2.0,2.0,0.7008386158027053,0.4295076580864873,needs_improvement
0.7482051251840791,3.565626587982516,8.0,612.0,78.75965181376758,40.71142861326265,3.0,4.0,0.6372124470607217,0.6090821606646095,good
0.8071454131928315,0.5536670689652374,9.0,662.0,31.216832548807936,107.48973054700237,3.0,1.0,0.8007146018083807,0.7151466934085112,good
0.7879390033792825,9.769909938703279,6.0,443.0,59.33647529999468,0.7978629496482724,2.0,4.0,0.7483144461151853,0.2890338995717679,needs_improvement
0.8952397220059702,1.8536127789560095,10.0,295.0,59.26861174921642,3.4633809536498723,0.0,2.0,0.6823371623170498,0.8562964031070147,good
0.5006425819049173,17.75384834536077,6.0,977.0,174.98913241716983,8.811744819149773,3.0,2.0,0.5809515150337606,0.2344431394495955,needs_improvement
0.6462132367315918,0.6270231430653018,6.0,102.0,83.54938408451737,1.5249095404823505,2.0,1.0,0.8315485774543582,0.5801247781189691,good
0.9447864345832593,15.880419527523388,8.0,1143.0,389.54076140628035,53.670062225462146,1.0,5.0,0.5666739980499332,0.40519824893031975,needs_improvement
0.5834221678448124,0.4771158687933498,6.0,164.0,893.8573988412018,50.239633895274395,3.0,3.0,0.8262615793951315,0.6852964406582878,good
0.6051239351926968,1.3135565200496246,8.0,310.0,84.10511147572171,11.836895802459294,1.0,3.0,0.9379664004735416,0.6254063389574805,good
0.5080226948815713,0.2384984906728067,7.0,1267.0,244.1968522202171,8.091043653128484,2.0,2.0,0.7380893997988245,0.6923757622948677,good
0.8428278593752385,6.105817720722168,6.0,2400.0,214.28888903448305,7.872747560424457,4.0,2.0,0.897879104362214,0.4779890711347952,good
0.6555828091247039,9.495567739289895,4.0,466.0,43.24910145693981,153.13786838923158,5.0,1.0,0.8504978489661177,0.5960605534875222,good
0.3122346055031524,2.8464339745644116,11.0,136.0,500.22817041942574,59.12761494998323,4.0,3.0,0.8046183477136378,0.5621288752321745,needs_improvement
0.9199194991073645,13.191833094024581,8.0,798.0,44.48940558569074,44.025530729943476,3.0,2.0,0.8602717270102695,0.6886998804290599,good
0.645550512752229,4.461639143816697,3.0,391.0,267.08765252667945,19.466317450328287,3.0,1.0,0.7898340325437654,0.6741545996123071,good
,,,,,,,,,,
0.7421412438211823,9.33519176502758,5.0,480.0,91.48274459498455,4.682900735008409,2.0,1.0,0.586646477009854,0.6131184777398097,good
0.6044565697312245,1.7605711210469526,8.0,141.0,121.55875484149018,314.6795365649695,1.0,2.0,0.9246082003220422,0.3204772780066651,good
0.9138866299006176,2.186835965723955,9.0,471.0,399.76850380630253,70.34229800988471,1.0,3.0,0.658153434292166,0.40131132224308225,good
0.9014993834138443,11.819745647766464,4.0,193.0,30.223177579989937,48.57077268655862,2.0,1.0,0.8902219811229174,0.6796003822339352,good
0.6613572976532042,11.56133384964712,10.0,83.0,11.222996398817067,44.3083514546235,4.0,3.0,0.9269619662329549,0.5966792403913073,good
0.7235936420680745,18.750110993348954,13.0,106.0,102.84655728288132,35.090668389279706,3.0,4.0,0.841385891185473,0.3515500237889969,needs_improvement
0.713251336062467,11.605696637809205,8.0,248.0,11.437939154757412,14.88173362880571,3.0,7.0,0.619789190585874,0.47558470231568667,needs_improvement
0.7356046381197823,0.6812298604376292,11.0,602.0,232.69473754179023,12.834396493914255,0.0,6.0,0.874036729275591,0.731897386228138,good
0.7055423294092188,8.678529768365317,9.0,1100.0,285.6943506112838,39.87346257820805,2.0,3.0,0.7200260612535583,0.29405907556491373,needs_improvement
0.6740174024436345,2.6367950681674,15.0,1264.0,385.8080033218592,3.6393322891600537,3.0,4.0,0.8625671432546658,0.47944999864591265,good
0.7773442104512678,23.44349595608736,5.0,120.0,272.3923591427481,3.869479786527524,2.0,2.0,0.9287413206172205,0.7232994664307658,good
0.8590172518547767,3.1959563315879236,9.0,337.0,496.2261025376897,41.14156809268974,3.0,5.0,0.8373440486933265,0.6478210261343268,good
0.7576618004460467,4.03534433231013,11.0,247.0,275.9043674823777,126.16910012276112,0.0,4.0,0.6484408852741221,0.6523676046858582,good
0.9357205995372724,3.7727189760343793,9.0,370.0,550.010953537056,122.82870245404646,3.0,4.0,0.914910383359336,0.4607450847902626,good
0.6470218511453375,1.941101023373164,8.0,1246.0,42.91378231978804,0.5443676694548739,5.0,5.0,0.9582051839198078,0.15443095127019044,needs_improvement
0.8784970844338656,0.38992710819538345,7.0,458.0,138.57469675075876,5.680512323338516,1.0,6.0,0.8628383349830153,0.9577510030455514,good
0.7259875433346636,11.30008218317257,5.0,807.0,1020.8990953928723,43.742769525520266,4.0,2.0,0.6373817695566759,0.5658256053214082,needs_improvement
0.7121709638023316,8.114536405509487,8.0,2366.0,228.8756610389215,94.35047073835915,1.0,3.0,0.9289618762603984,0.6027853039055925,good
0.8435677190202072,0.7513639295313401,8.0,115.0,421.80063123136307,154.4462302017728,4.0,1.0,0.6504408089849127,0.3747182637600415,good
0.8484192818510747,7.4977245256416545,8.0,275.0,6.173052587525745,98.51401427625824,0.0,3.0,0.8741736540050019,0.5472754235457741,good
0.9096915344943783,4.91544790883055,5.0,637.0,410.76707682121923,56.60015057071579,3.0,0.0,0.9968464836061124,0.588879728114673,good
0.81704943902695,2.6309129357310423,8.0,499.0,239.27583155036592,11.19000568953669,2.0,3.0,0.7696693387485514,0.5910873398279964,good
0.85527689177708,1.465290145871484,9.0,933.0,37.448030814176214,3.7696731163661505,3.0,1.0,0.872753351775566,0.41864466499127817,good
0.8408543977763069,9.820887348720081,12.0,296.0,5.203293767133533,2.4340870933634595,4.0,1.0,0.5817990588404617,0.565959153400364,good
0.9504390616487844,6.02300266143045,6.0,475.0,60.201175791331686,47.34739287312305,1.0,4.0,0.9112802036344263,0.3072493308129826,good
0.826945221262787,3.9674892155646675,8.0,220.0,494.84880125344324,1.8429825415930314,0.0,6.0,0.9918026289055646,0.14789154339924557,good
0.7886093715203695,4.702514140229245,5.0,944.0,220.60416160523965,67.20773339868182,1.0,4.0,0.809264396548437,0.44499251911214827,good
0.6412671541739877,0.4774149751320714,7.0,417.0,503.8228740932893,62.32153203986095,3.0,4.0,0.7779298780999853,0.8800014412327882,good
0.6690448833819402,3.2115076604107045,14.0,1240.0,118.17255996944785,4.147934091911926,1.0,2.0,0.7431607690014717,0.6247042183909237,good
0.5539454037439834,1.0764988020688206,6.0,1247.0,551.7437757056829,118.55517083882572,1.0,1.0,0.6531119183484393,0.509696468015067,needs_improvement
0.738291315497492,1.1683922387059356,16.0,144.0,124.33647113989372,36.89983128426367,1.0,6.0,0.9545506509179672,0.5992462077923626,good
0.41295146730977483,5.413261088706777,12.0,1410.0,45.69522998022551,117.39929821784997,1.0,2.0,0.8947868097340725,0.46564724537521446,needs_improvement
0.881783164479356,12.110005847358952,5.0,849.0,32.83192887267086,115.9408338591098,3.0,1.0,0.5734283723828384,0.6045846949508831,good
0.6530126462823529,2.5855316179859065,4.0,355.0,1017.0226265221601,10.97214933580657,2.0,0.0,0.7337102523815604,0.6622853372933021,good
0.6686192000377977,1.164386813936405,5.0,790.0,81.25188313975738,23.94839465838862,4.0,6.0,0.9435193088162334,0.48503253270509433,good
0.3750872135396553,5.231241693806242,5.0,268.0,34.883302903069776,7.229694046999989,2.0,1.0,0.7071074765348746,0.13754139185676761,needs_improvement
0.8478545062255406,10.246969492772934,6.0,1198.0,1.6887962334807882,74.57785744128927,4.0,3.0,0.9022142600774041,0.5707050907390158,good
0.8114113452741261,6.897960380920968,10.0,436.0,67.2539300569364,35.0715614909082,0.0,2.0,0.6323198229506362,0.43761304342805657,good
0.7455841067578888,10.153532344152358,12.0,820.0,439.85439284519396,132.11844311107998,1.0,1.0,0.8308611007769497,0.3741170269316667,good
0.7300143685333137,3.8453342674576807,5.0,243.0,152.717929301992,11.673283002475559,5.0,2.0,0.836095793543564,0.6275267083563695,good
0.8407924715860077,6.969138213215979,9.0,505.0,200.17104907998166,58.29655941699004,2.0,3.0,0.7080383109620836,0.6924676832570842,good
0.2500830925738141,0.7544898078721142,9.0,819.0,511.21464355555554,226.58124755178216,1.0,3.0,0.3182830293844946,0.6146134965832202,needs_improvement
0.6997376903261218,2.140659974939607,13.0,516.0,143.8324999320839,54.73817451335008,1.0,2.0,0.9711103020645726,0.17616333920643346,good
0.8759276145591522,2.467787600877392,7.0,632.0,364.3775762070978,3.562660465129853,4.0,4.0,0.7117788646679198,0.24939457316082655,needs_improvement
0.455841707511804,3.5799888526026513,7.0,219.0,78.26312065656043,44.38812177048364,1.0,0.0,0.7423542645107011,0.3141895968708197,needs_improvement
0.47945079909862176,13.230757386386266,7.0,514.0,755.3399437017868,9.912959421384137,1.0,1.0,0.5250295802415494,0.8869184688143908,needs_improvement
0.8086639728876598,10.369148993908123,6.0,220.0,16.418634282006924,1.5488834549557347,1.0,2.0,0.7961286514709169,0.4773014572118435,good
0.5611160571858685,0.7223867931442972,12.0,397.0,258.0728932308374,20.395456913802743,0.0,3.0,0.9240686269784959,0.6235743132293525,good
0.801003787434222,0.948481327464748,8.0,271.0,216.09531984723503,15.469403147426267,3.0,2.0,0.5148898239876171,0.324615829472116,needs_improvement
0.5255155603034298,2.21303620183472,7.0,342.0,42.55735018323008,77.74059734720127,4.0,3.0,0.7960434350203854,0.6356455774001466,needs_improvement
0.7415375212615289,1.7176927830199873,11.0,99.0,98.48060627252893,23.394736014162724,0.0,4.0,0.8716404930006776,0.39710938074424085,good
0.6293581105917939,4.769585973631662,14.0,412.0,75.03445587483539,66.01761259587772,3.0,1.0,0.6147384461613326,0.294748471553132,needs_improvement
0.7656597474541711,11.653690878486184,5.0,370.0,19.85202514908985,0.8186144713404543,4.0,5.0,0.9466804173443523,0.5284904475230574,good
0.5421272967721079,16.389354254377608,6.0,120.0,175.79322021779953,0.7461464258715288,3.0,6.0,0.8059968058230975,0.08725110966107734,needs_improvement
0.8219850422247387,5.300848129076235,5.0,530.0,1012.486129167085,1.4875841057827626,1.0,4.0,0.9353067831271432,0.6205453987613666,good
0.5177929207555125,9.105710758191615,7.0,781.0,164.00898936489378,12.381959341988418,2.0,5.0,0.9289795745061659,0.3293066096855426,needs_improvement
0.7146005154604602,3.7243312513668094,7.0,519.0,157.6058494304813,23.41926976692412,3.0,1.0,0.46088232822837405,0.5668117816594632,needs_improvement
0.6010115041557412,1.1680339204494192,7.0,756.0,8.229765283660582,46.805007857071004,0.0,8.0,0.6484886911626555,0.46110940451967425,needs_improvement
0.9039515827580443,3.71892357732352,9.0,264.0,29.98331670703653,213.1282888633006,3.0,4.0,0.8519679421821803,0.5107693324396885,good
0.7916758366505231,4.049333176269251,7.0,340.0,143.9882264153904,21.879499046581603,0.0,3.0,0.5914167344119335,0.359385952344175,good
0.6492380924934275,6.782853866427919,12.0,428.0,842.3361560282428,2.8633925255990564,1.0,4.0,0.9831287486106659,0.5618852077123777,good
0.9544052372507124,1.2415567867682382,7.0,453.0,418.4773711104712,10.839449323920949,4.0,3.0,0.9499950173283984,0.8472490060145482,good
0.5842308458925691,2.2967855818323084,14.0,61.0,83.16646894696348,114.06654550282337,1.0,4.0,0.758177321502154,0.2375554007996401,needs_improvement
0.7430948564395801,2.26299953581848,5.0,193.0,156.61623943287267,60.09527881702624,0.0,7.0,0.613232831475289,0.2830969856681043,needs_improvement
0.5793056781850261,16.024814764075373,5.0,899.0,160.9061473414221,78.08022553807474,2.0,3.0,0.6792485993240874,0.48432749002718806,needs_improvement
0.5455969143518614,2.934439987064148,7.0,215.0,231.2656196725937,6.629061104565674,3.0,4.0,0.8172528649221165,0.49790381574822473,needs_improvement
0.44891123814956946,7.034403410000598,8.0,331.0,232.81074985962422,7.250536510337429,4.0,6.0,0.7986585744596103,0.8186688797939292,needs_improvement
0.968327312193754,6.947725823794235,6.0,386.0,311.93201712420966,5.9530304947464,1.0,6.0,0.5143600009139934,0.4326825761805028,good
,,,,,,,,,,
0.5790545385349102,4.24163832827693,8.0,1428.0,575.3417904071819,11.78406663539747,2.0,3.0,0.8216670288692656,0.4815947800646568,needs_improvement
0.7226484987554143,11.23588879705045,5.0,393.0,14.527482235584808,51.52223223254616,0.0,2.0,0.8090093245016962,0.5473529935800432,good
0.7152503193890041,3.223668479073641,8.0,203.0,129.31383952132413,36.30070815692045,2.0,3.0,0.890411858978037,0.552984769902498,good
0.9173323703179911,14.5128043822643,7.0,677.0,504.09667585649,39.30589525736728,3.0,4.0,0.7686126426394063,0.3671779962126903,good
0.44102333864406934,1.2069082275955498,16.0,318.0,133.756809026225,10.872698286783102,6.0,4.0,0.7510167934788136,0.2176421524274448,needs_improvement
0.6287221589596449,0.3852643979455157,8.0,422.0,13.150376028392714,50.42661907175297,2.0,3.0,0.9455172008814452,0.5448864870445659,good
0.6679029564348227,11.102900320191498,7.0,1245.0,52.075652725771306,2.2028472364046947,3.0,1.0,0.7499632565770195,0.5747881822529523,good
0.8538198169748961,9.408897863714826,6.0,261.0,172.86624069395717,251.58484905463717,0.0,3.0,0.8118830520065754,0.17764990076978607,good
0.37589408927089996,24.524540483717097,12.0,1006.0,18.392713131691533,1.3561721911587281,6.0,6.0,0.61028784416574,0.9038758052375842,needs_improvement
0.7987141156790496,5.6877036372423815,3.0,306.0,110.2177254023136,2.5729043833062284,1.0,5.0,0.6665354275183751,0.5594746702378556,good
0.9458624370405491,13.798396180312348,5.0,426.0,79.82502949711659,19.626019179045816,5.0,2.0,0.7115752581012081,0.8107609093764699,good
0.4310078761402294,8.770845375964683,6.0,514.0,337.70447934632546,89.07818786066187,2.0,4.0,0.902957316666173,0.49166644121748,needs_improvement
0.9210870748678794,9.303179587750737,11.0,306.0,23.336414513220927,14.865696294180713,4.0,0.0,0.8333388858177874,0.7143711003014692,good
0.9674712719814352,4.209878562839343,6.0,178.0,229.64358064540642,31.926796145446186,3.0,7.0,0.9131781514194992,0.6699667654463366,good
0.686263736997143,2.4092847994418203,6.0,579.0,104.37363069847481,0.9070443276074048,0.0,4.0,0.47674228046029704,0.6010740954804143,needs_improvement
0.929645762066773,13.632960666603473,5.0,989.0,177.22539363481212,4.108210800285825,2.0,2.0,0.8050419304531673,0.4481704134803077,good
0.8763324307560667,2.8292008832057607,6.0,666.0,46.01645672714969,46.82034160383179,6.0,0.0,0.9359330519008401,0.5978453994813773,good
0.799614658701736,3.8698274231912233,9.0,650.0,188.16980913693536,10.805819329229962,1.0,2.0,0.6709551079691171,0.43303782269582364,good
0.8571683839923204,2.9539847203740512,5.0,279.0,224.1579158279439,59.25012142737809,4.0,1.0,0.8244772030007556,0.4467158194856013,good
0.44621835376042934,4.159958330179379,8.0,699.0,14.563943619655232,76.94691633457676,2.0,3.0,0.45161269504459245,0.5967758836939894,needs_improvement
,,,,,,,,,,
0.8437560678638815,0.24578083824492197,6.0,804.0,395.0222338465429,7.181934297172181,1.0,2.0,0.801181046923846,0.2402925539474269,good
0.4970801491507958,10.687395469569669,8.0,436.0,13.13269594558442,30.395151871690125,1.0,4.0,0.6386868653825177,0.14402304089943763,needs_improvement
0.5926521720884691,2.9384777155111097,9.0,650.0,184.85827441113082,146.95006690712842,2.0,3.0,0.7590904028123434,0.8800459350281298,good
0.6172271413935887,4.445124828148771,9.0,274.0,180.28608748938817,73.93880657016064,4.0,3.0,0.8409145121788291,0.1556880211729163,needs_improvement
0.8514032028092963,0.7493946000826672,4.0,703.0,2.5073337060103507,6.219260585664735,2.0,7.0,0.4933807351597943,0.657994949388428,good
0.8863095868340188,0.01696799866998106,8.0,147.0,83.81539025336293,34.908010744144796,2.0,4.0,0.6586272747206731,0.28863791991383514,good
0.819833657760187,1.407109167799747,9.0,308.0,694.2753659589405,127.79688245303475,0.0,3.0,0.7789486474954708,0.596386940832354,good
0.3102814785253084,6.096888127084617,9.0,230.0,162.13888732383887,28.99438966155546,3.0,2.0,0.5488579663155604,0.778404146630953,needs_improvement
0.7307470831118922,0.5223297468017495,4.0,6665.0,541.2457803595476,90.82851915938579,2.0,3.0,0.8118014455949444,0.34447949174833015,good
0.7164258585691677,11.978298089945643,7.0,679.0,225.18311227820456,34.24344909839386,2.0,2.0,0.8143134965513565,0.6495574532641122,good
0.969171746999846,1.2105015619262482,8.0,169.0,5.760264594278458,5.647891629830759,7.0,1.0,0.8000263313688393,0.6944381853128679,good
0.7831504758188931,1.1445105897138985,10.0,135.0,16.179807754560198,7.999924603492442,4.0,4.0,0.6819047329134987,0.396203896551484,needs_improvement
0.8007416452107224,1.001458046531081,6.0,99.0,256.15561938284435,2.3900097399719487,3.0,2.0,0.8784611382763954,0.8665459889047158,good
0.7156912995028678,0.07040188934651681,6.0,162.0,161.74204211673228,10.865203004922146,3.0,3.0,0.7192295020473455,0.39270473673181294,good
0.8913075678703527,7.387784026871547,7.0,204.0,27.198693259801445,112.03411142175459,1.0,1.0,0.5392004522253077,0.3655580914632941,good
0.8078508079889152,10.39858914902977,8.0,184.0,190.41606037133494,52.51940651009254,0.0,1.0,0.939638368930474,0.6779355624119903,good
0.7199942536168762,4.7616975387287095,9.0,277.0,332.4489551465055,67.13434398117205,0.0,2.0,0.7831844932577559,0.3348894551528447,good
0.8260945711489482,1.0425062600501778,15.0,786.0,279.6591623635297,48.59829357341255,0.0,1.0,0.8584739574446247,0.7486324809218358,good
0.75993400259184,1.6793080940172764,8.0,344.0,56.51567968468887,24.43195313737362,2.0,3.0,0.8433518914000219,0.4904724686766854,good
0.9468589754544118,3.2306185695999137,5.0,713.0,59.73376572766425,12.222262298275902,2.0,0.0,0.7394302196201031,0.21553693659178513,good
0.8271995382958871,15.43331496461283,6.0,172.0,687.392717537573,129.92476889976768,2.0,4.0,0.7478243833247409,0.6284301192265043,good
0.6704523956099853,1.420783946637889,12.0,297.0,436.79124241573567,36.16277418795076,2.0,6.0,0.9371717032268566,0.13670850513018187,needs_improvement
0.8288165979333161,6.577239582645181,10.0,190.0,76.64406788625739,32.80219318389614,4.0,5.0,0.6880706132435906,0.7727879915178648,good
0.6238828766342115,2.8941683240466127,4.0,574.0,347.51618645443483,277.39138165384264,2.0,2.0,0.6900511492554362,0.6368422461502472,good
0.6856098859213948,1.7680222305854394,5.0,349.0,35.28504202832819,24.219733334668483,4.0,4.0,0.39924037780511656,0.3651585496227994,needs_improvement
0.8752597306668105,3.0432575826573234,14.0,1666.0,43.84054066486529,96.25036735110297,0.0,0.0,0.7770375125165595,0.6836879255705227,good
0.8109588427406655,0.369345405597385,5.0,235.0,39.98212115401137,99.14989488511483,3.0,1.0,0.9442064965620389,0.5322611805847647,good
0.7056574097353917,8.014481053751116,15.0,175.0,18.36183360384954,13.241929828454277,1.0,2.0,0.8603857162633067,0.3383761774186083,good
0.5252300158741373,1.393954765838881,7.0,511.0,385.7608216662699,4.9821607722086405,2.0,5.0,0.7580770631382012,0.20658917415260267,needs_improvement
,,,,,,,,,,
0.6864373317707485,0.35398161640306325,5.0,603.0,59.93908020947549,27.747310979830825,5.0,3.0,0.7788964567111308,0.4575324298332124,needs_improvement
0.6567883197567269,15.516426640423543,6.0,384.0,377.63869926286964,0.1111395289899915,6.0,5.0,0.7046875631850833,0.4383441290358989,needs_improvement
0.9275617996320366,1.07225090080279,13.0,360.0,324.55201127982605,34.55923874979143,5.0,2.0,0.6771043338787324,0.6342271627908802,good
0.4770859105742661,10.716896468078938,10.0,236.0,21.283663459387004,48.28722855320989,2.0,1.0,0.6655482208520377,0.7231913048739212,needs_improvement
0.6202721598365964,8.289812311815744,5.0,325.0,206.6432248082974,74.82516332860123,2.0,1.0,0.6905796727787386,0.4418913281379519,needs_improvement
0.9174558359147428,17.188257782770453,11.0,118.0,255.90715773835916,143.18445283137498,0.0,3.0,0.6373702695850981,0.4126531860116217,good
0.6150913974635859,3.2493912562190226,6.0,1051.0,251.63465143990783,123.35567196883702,7.0,3.0,0.9291914772006444,0.3127382860117483,needs_improvement
0.5489793526428729,6.498699162857212,10.0,1114.0,256.8506192719241,140.7838475154851,2.0,5.0,0.8560089494470903,0.3812406807817244,needs_improvement
0.6346594861716802,2.315820616710112,4.0,854.0,37.13530423545759,1.6326242727827023,4.0,1.0,0.6279781413101861,0.21321296061735473,needs_improvement
0.8857062375584703,1.0189614897743913,6.0,279.0,75.69253185929666,62.2005424341169,2.0,2.0,0.4205677613373407,0.5846471548608901,good
0.7633403535508828,2.9266318659178165,9.0,244.0,371.80884244237785,12.79999558207249,3.0,3.0,0.8374511555641335,0.7904475673683055,good
0.6357641788039666,0.9061049055787758,10.0,601.0,457.32610971728775,10.385210633619895,3.0,0.0,0.7151203916005879,0.7740081289772769,good
0.7498505140883278,20.099328213453425,6.0,188.0,65.47563092232541,80.5516012676731,2.0,5.0,0.8070727590800569,0.3850602556348753,needs_improvement
0.8954207465225513,0.5059931148073789,6.0,1001.0,4.657720551162343,26.989528439454375,3.0,2.0,0.8013174555046889,0.6419008131298704,good
,,,,,,,,,,
0.592900481589481,4.9237025300498365,13.0,281.0,94.67123666004677,2.1680884966651885,1.0,2.0,0.7873241491835503,0.5230667018836055,good
0.8077964763471907,3.8618128672326986,10.0,172.0,79.93544484203797,81.02009729101435,0.0,5.0,0.7691201027260772,0.5553928888414309,good
0.6782322753388702,5.426297462543279,8.0,1093.0,85.23553183660957,7.35743653090233,2.0,4.0,0.6808940171628494,0.7399502789727305,good
0.56420128312281,0.6175136693828227,14.0,952.0,107.46692184826647,9.714274093234906,0.0,3.0,0.795049881262576,0.7632474694865082,good
0.6644793264161643,4.048613125549813,7.0,633.0,95.04878606377893,32.44232686834903,0.0,2.0,0.6304807017366928,0.6363518990241981,good
0.5481154787472411,1.6928601962139436,12.0,1867.0,167.14081864706762,25.175120277995166,1.0,2.0,0.7697660388234584,0.4195173016225125,needs_improvement
0.8028569321780248,14.081747094346861,9.0,406.0,16.446080127212465,33.29336478295057,2.0,4.0,0.8681160521156578,0.23733055580500173,needs_improvement
0.7710827761107304,7.1789285775629335,12.0,668.0,711.8525027537448,140.69264241683592,2.0,3.0,0.7993641738538066,0.6645920097945721,good
0.9383679973733711,17.970480185076852,3.0,112.0,551.1889119123905,53.55796990595366,3.0,5.0,0.7649718318509802,0.610032288275254,good
0.8594586802174443,0.1913973439628279,7.0,312.0,544.8561817047135,17.146307649311616,1.0,1.0,0.9661183126630638,0.36126665350141995,good
0.5883455393444762,1.678295063152441,7.0,440.0,422.85235669724176,9.492010295614566,2.0,3.0,0.6996458646970438,0.4268638852429405,needs_improvement
0.5152390994503011,1.0871904587253587,8.0,193.0,215.95396689796854,27.240348166657373,1.0,1.0,0.8308770631888179,0.7995651677735688,good
0.5350682113667775,0.05608633130978774,8.0,494.0,49.97672090055215,30.041257338084538,2.0,3.0,0.6919527252193927,0.282483081316033,needs_improvement
0.6668174881968011,1.3875085448869064,9.0,83.0,10.149948879390912,45.976600193712386,2.0,4.0,0.5979683918732563,0.584032742849508,needs_improvement
0.8631051580286453,5.67808264298871,7.0,601.0,20.921285517802467,15.462496683554573,3.0,5.0,0.5559201968562534,0.2698940503241473,needs_improvement
0.9591505276007669,1.313899748137681,4.0,284.0,78.31022180298403,72.94524136025493,0.0,7.0,0.9151725431519245,0.6128416238868193,good
0.7278006242320482,3.5565908424422292,9.0,214.0,140.18870887361888,5.182556955923672,2.0,2.0,0.9494837955284283,0.40922824937874014,good
0.5501853844461739,10.938168756896795,12.0,731.0,999.7335735954126,41.10057275437309,1.0,4.0,0.7032208452283438,0.41375218623530413,needs_improvement
0.81739372416179,5.916896899109822,7.0,1301.0,114.34295945854926,48.846065381899265,2.0,0.0,0.9027827779406375,0.5257326484464813,good
0.8605942036942265,2.5095695061581664,9.0,823.0,148.739135945319,11.58598489429948,2.0,3.0,0.7694602346614214,0.7157285187582499,good
0.9224175957864069,2.329810547298049,7.0,210.0,237.59183997498207,87.43826073258998,2.0,1.0,0.7018081064614672,0.18340554295695652,good
0.6954020140841422,3.0416025699769227,11.0,688.0,39.86928509287633,47.78174890986529,2.0,2.0,0.9294994211392195,0.7707656150378513,good
0.3121664805139542,0.974247166150463,8.0,328.0,540.0967842324047,51.88369845918109,0.0,2.0,0.9052859098288192,0.5742802297835607,needs_improvement
0.28375139287438766,5.025620211739819,8.0,995.0,150.5941321583652,34.43221725419282,3.0,3.0,0.7481554980370764,0.8163732883634789,needs_improvement
0.5541108515760089,2.263985130626406,9.0,481.0,64.66360356084114,120.17235221708313,0.0,1.0,0.7216803062003391,0.47372230315252334,good
0.6964886425619813,9.565073166352871,3.0,124.0,547.0092258496168,59.196677161229736,1.0,1.0,0.47691650672847474,0.23513812129095035,needs_improvement
0.901896436300885,7.064273114594184,8.0,332.0,196.40632501238184,24.05003903479985,2.0,3.0,0.8517510592516686,0.565696718637062,good
0.624713260634122,4.714626058274786,9.0,208.0,132.20947963558692,13.630208395162901,1.0,1.0,0.8116323557708867,0.6714423790181054,good
0.8933109989515975,2.2643736317140335,6.0,216.0,173.5743701628173,3.685646538599226,1.0,2.0,0.9566819352955039,0.22538261491378198,good
0.8145143594963011,1.1781802411142372,9.0,311.0,275.9052385108093,9.037789393329259,2.0,4.0,0.9414672334956491,0.364064316051133,good
0.6318061546353155,7.483937109031867,7.0,502.0,33.57441196834027,245.877416123485,1.0,1.0,0.9360000856537743,0.13515328432381304,good
0.8270735688006766,3.3316412143372904,8.0,834.0,400.2450439746516,26.108393223114888,2.0,1.0,0.7251059871712681,0.7888692294175642,good
0.7732231850870134,1.2728488512340042,8.0,264.0,641.3242949041595,114.47713937975259,1.0,3.0,0.6209343993584786,0.5633277994237,good
0.8811782502352599,1.0856496909289834,9.0,1064.0,167.4033493415251,9.350789286448112,1.0,2.0,0.7179782780165871,0.4356730449339543,good
,,,,,,,,,,
0.8086347977171185,7.506533109230308,8.0,206.0,392.9848281297105,161.59611181153383,2.0,1.0,0.9217072462271729,0.5254590138824288,good
0.4299921968369333,1.3002514233768285,8.0,2076.0,93.9401370808512,4.777784324992872,2.0,1.0,0.8384091138615317,0.6114881082123416,good
0.8747790852827905,3.7395193122561023,8.0,161.0,987.6199975964189,45.06817051540943,0.0,2.0,0.373794137099334,0.6732305098742233,good
0.7563568106719536,3.0032626301761534,7.0,1097.0,228.2004581908638,125.77153051256124,1.0,1.0,0.6744752398800488,0.5503832924959685,good
0.8348676585730097,4.332872830838335,9.0,395.0,110.32907169872584,149.47098494644953,0.0,4.0,0.9412150906862164,0.38070201096347944,good
0.5875724363469984,10.484155349359746,6.0,381.0,226.2299731625522,93.54256152105476,2.0,1.0,0.7798277284172928,0.659620192337174,good
0.8880105434170363,10.115207368533701,6.0,852.0,147.49507647674523,96.87433761027339,4.0,4.0,0.8332980783533467,0.5299095936171124,good
0.45061947375610517,2.9989770570876932,6.0,762.0,23.675996354786022,52.80393338374266,1.0,5.0,0.7730712956226578,0.556144690236995,needs_improvement
0.6667913855124249,0.07742767556178748,7.0,1172.0,317.7950464564215,12.450197637566914,0.0,3.0,0.5890961647073583,0.541392482340434,good
0.8964576049765773,2.77949681203929,8.0,331.0,166.19496589384553,65.59248054559832,2.0,5.0,0.8227438991727566,0.46811105898953537,good
0.8673906642410062,4.659478510523039,10.0,452.0,317.77570046492826,191.71714923988273,2.0,1.0,0.6199191612875052,0.44127776439688116,good
0.5453972832512601,4.079566596238551,9.0,330.0,33.6628888943673,37.32038513599198,1.0,5.0,0.8176530954031482,0.8432553577836033,good
0.6609553055093229,5.268234373414106,8.0,165.0,154.59275070777463,15.1023957115681,3.0,3.0,0.8166424424197067,0.7199083027654564,good
0.7919268829976335,0.8366272083630589,8.0,462.0,291.0211117188954,42.60375389633999,4.0,3.0,0.8839823676290824,0.6529423286870115,good
,,,,,,,,,,
0.8875430017008521,1.0084492988248885,9.0,90.0,431.519152468051,11.677393792762,2.0,2.0,0.852404430008632,0.42637317637505084,good
0.8207081059377743,6.94196241713469,11.0,979.0,399.53489812089003,63.5037335843074,4.0,3.0,0.8707926458478528,0.5441413811007906,good
0.7271483201553214,2.070669972275631,12.0,454.0,56.860262239835336,44.26781600557684,1.0,2.0,0.7318071163538458,0.8457681884802127,good
,,,,,,,,,,
0.4403659146076873,0.24524538267879314,8.0,526.0,37.092804444406674,18.26329631604312,1.0,3.0,0.7481547646454421,0.5262043280998463,needs_improvement
0.5968679856546172,2.620061143939205,11.0,265.0,44.15618504003173,8.436722654794394,5.0,1.0,0.7437345798068441,0.5992835480191274,needs_improvement
0.6476796160376396,6.104484770558497,12.0,473.0,23.33299952106454,48.83520801995572,4.0,3.0,0.7589660570174003,0.3719651011149553,needs_improvement
0.6206916328992986,1.286543682213272,0.0,1223.0,389.8181834672112,44.12261196526863,2.0,4.0,0.7487417765413252,0.6624617543682425,good
0.5302308769721726,7.930732497943895,7.0,555.0,22.91489940675,20.62540668292086,1.0,0.0,0.8941084339220453,0.4226457374841763,good
0.37849350920365665,4.981809418890411,12.0,273.0,29.725868706448367,17.541294690588813,3.0,3.0,0.6934255934129401,0.3323382245234339,needs_improvement
0.5421428821963367,4.428344175436648,5.0,176.0,56.44265076952384,21.327629340790615,1.0,2.0,0.9231159815831751,0.598204351028868,good
0.9901003480838929,2.181288254201613,7.0,227.0,170.036193432608,33.65579156905403,0.0,3.0,0.9227825916932799,0.34197652923294763,good
0.8239765433857025,3.2932599059904306,6.0,772.0,424.3532417634629,184.08473653051792,2.0,1.0,0.6644541160064029,0.46081681536828584,good
0.41470054681618934,4.548429223440404,8.0,385.0,108.33538548996644,72.1040175813829,1.0,1.0,0.7852640782112545,0.7661785284837895,good
0.9197147211996719,3.197672971243481,12.0,631.0,158.05762468212777,95.43930152252163,2.0,4.0,0.5762655912381396,0.6799134096379994,good
0.5495766212673947,5.991831483356085,9.0,322.0,36.421771872872064,35.22553192961528,5.0,3.0,0.8303002650258258,0.7987589142035174,needs_improvement
0.47335855141881633,2.8431294510429868,12.0,191.0,61.83449745627229,37.340438782031086,2.0,5.0,0.8541430474844877,0.2895935864582776,needs_improvement
0.2758299785540607,1.129945365758563,8.0,651.0,28.75692989631547,11.428202123234286,2.0,2.0,0.7513314203393864,0.42096635516133535,needs_improvement
0.9088526805715118,1.2035712215060714,8.0,211.0,105.49904009378481,63.835389923748906,0.0,3.0,0.7099100624609052,0.9429417058917205,good
0.858298066150418,0.029103380792518504,14.0,291.0,178.48342685758703,27.373097800704492,2.0,2.0,0.859957557264787,0.4453224467226744,good
0.73941717147013,1.7902202290747686,9.0,151.0,66.82047779530814,67.82646033234904,1.0,1.0,0.7138814683719823,0.3922607391330141,good
0.897910268936181,6.909871340440961,8.0,190.0,374.1551530157259,26.301648688583512,2.0,3.0,0.8089172622813707,0.3514689149451828,good
0.549765435506955,7.903346355068352,5.0,825.0,795.1880879667702,5.743456042420809,4.0,1.0,0.9117892056323964,0.7544740783119672,good
0.6747891464155392,1.1311637279244233,1.0,932.0,25.601871106692286,9.500775239556521,3.0,2.0,0.8182919091852832,0.3354044956996887,good
0.7790099572511235,15.976284414402313,6.0,966.0,3.604294326354189,83.45145540954962,1.0,3.0,0.9032480503484136,0.32941253600788534,good
0.786637741573654,3.4898217573996626,7.0,968.0,311.91719328308994,14.96186148114067,1.0,3.0,0.8783860463068129,0.5135345806665385,good
0.6371005102330926,12.443293340177435,8.0,303.0,42.30295512683783,15.350341431888195,3.0,2.0,0.7735967294352436,0.7014564726970288,good
0.9199867958955543,6.13390952433278,5.0,686.0,87.12711660886845,132.5136626813332,1.0,4.0,0.777273950415437,0.5139112454141853,good
0.5953354209373742,6.408472287673942,8.0,936.0,100.2513828061635,53.59398394367979,0.0,1.0,0.5900308080795509,0.5105851489030743,needs_improvement
0.9409577477027204,0.44439444200791817,5.0,200.0,496.8199284634952,6.069275745982068,1.0,2.0,0.904195890038125,0.556266287088726,good
0.8811210042934698,1.2422499179501871,6.0,471.0,215.07969472830433,7.7500261330997215,1.0,4.0,0.6190697425253417,0.6489952505321506,good
0.8575903959937323,0.04426956882766711,14.0,364.0,8.29141637554466,15.897953673609374,3.0,1.0,0.9258490868688741,0.29389030066623084,good
0.3676930147030134,6.29615290073483,5.0,90.0,2.984201468665009,45.06957491600701,1.0,3.0,0.7770681739709392,0.6169423523783187,needs_improvement
0.5749095772042654,2.111314179679275,4.0,523.0,44.52076378176064,69.88302961529635,2.0,4.0,0.6656377362484205,0.5832914289225184,needs_improvement
0.5578868392784313,7.724165313021006,12.0,227.0,76.5955531282028,16.044465223447066,4.0,4.0,0.826340162074691,0.9155023404985192,good
0.6407829062707721,2.0695247676182587,6.0,935.0,132.5328422971095,102.25859068991956,5.0,3.0,0.9285707890366924,0.7734659623171444,good
0.764396810598541,8.555519426053378,8.0,219.0,363.8336305402493,5.780654646530434,4.0,2.0,0.8469780068834156,0.5521101498966924,good
0.5304249780676628,0.7003249004850567,7.0,524.0,75.61408530410675,11.634395711901213,1.0,3.0,0.881839558778917,0.343977089892645,needs_improvement
0.5026463878841413,0.9520095157429238,3.0,441.0,94.49324194885985,176.1088304135725,1.0,1.0,0.8380550303632055,0.5480026880111354,good
0.6426950942869315,2.0842220846693467,9.0,101.0,79.8979780690489,7.2365430113667015,5.0,0.0,0.7278602959887002,0.582061323857534,good
0.5762363344223097,2.625361376100046,7.0,312.0,1.8011532975626174,109.51253604075697,2.0,4.0,0.8521134183221988,0.47747845657757637,needs_improvement
0.7562156582716282,2.1439461459071114,7.0,536.0,621.1162990933058,60.85882544292579,2.0,2.0,0.7842221457971491,0.3344259929332957,good
0.24579409510970907,7.212144831939521,7.0,914.0,29.93119884730665,3.7947833371031177,1.0,1.0,0.8747367328983283,0.1702103220488264,needs_improvement
0.8087988327417452,0.509894491252697,8.0,409.0,67.84209031939042,33.0540256898166,1.0,0.0,0.7255642270325745,0.7703553957473156,good
0.7967567970301485,2.163285045067167,9.0,832.0,27.692317123300807,36.59225424713743,1.0,1.0,0.7989055510159393,0.2862002766749187,good
0.6723800956889447,9.077392764358112,8.0,620.0,134.8820265728226,134.51515440514478,3.0,3.0,0.7192555245174561,0.6181393906074295,needs_improvement
0.8056417416286377,0.3456630344376461,13.0,636.0,538.1386858549726,27.331673103736943,1.0,4.0,0.8265176277446882,0.5064094236005302,good
0.8395814399380263,14.26626211163031,9.0,660.0,21.227878808857994,29.598495516043403,2.0,2.0,0.8894832874134052,0.678501225894313,good
0.8145263258793876,21.457947826775996,11.0,323.0,116.28428570590101,5.966422666701913,1.0,2.0,0.8600415054100181,0.207384938894785,needs_improvement
0.8810850010457664,0.46369240333338774,10.0,182.0,4.525792060422264,50.96777249988275,0.0,1.0,0.8676720223454865,0.42840412068851796,good
0.72432742097206,1.7214210093911355,6.0,1416.0,294.7177852140549,11.842919555401624,3.0,6.0,0.7976520905288426,0.23608535640480666,needs_improvement
0.697698022231626,2.3292665968281328,4.0,745.0,205.0126030632514,4.035197799618731,2.0,1.0,0.6848646219303969,0.5087132459844527,good
0.5629119904050397,7.489289683571132,8.0,381.0,240.59377082862264,289.12505411726113,2.0,2.0,0.992392350575677,0.9147220807530609,good
0.2229198795568796,4.530796296506212,10.0,660.0,127.85924908552788,15.710175727383824,1.0,3.0,0.6353531334614686,0.6905399813038993,needs_improvement
0.9001966154961385,5.169261623430804,4.0,554.0,476.397165394239,7.602412539889243,0.0,6.0,0.6853784990071874,0.6095417128713929,good
0.6119664730219647,7.083970379465371,11.0,203.0,105.37658799749383,60.11377471146355,3.0,2.0,0.6236702396699364,0.2592725665471082,needs_improvement
0.8696099869420423,0.627697065483504,11.0,307.0,144.34434428141486,86.20938400816212,3.0,3.0,0.4465202363912289,0.7871683568682937,good
0.6589108483490911,8.95508243384733,6.0,1165.0,237.67844440133578,3.3111298866813925,0.0,1.0,0.96545351037484,0.6007028784189515,good
0.8872000277288936,6.114415820118802,5.0,401.0,147.0275720017362,5.56855534902529,2.0,1.0,0.8429589583526322,0.5231655876291642,good
0.617527671539035,4.305956437078624,12.0,544.0,41.98023594564182,4.725085632112039,1.0,1.0,0.9145191727094646,0.8008144299463503,good
0.8058063561857409,11.024358778302572,8.0,1105.0,76.27276373465645,2.404883624289554,2.0,4.0,0.7307719717047835,0.5535380145763876,good
0.7095057888707365,6.024972528488819,10.0,400.0,19.367051419284635,53.86061727541578,2.0,9.0,0.93245577154567,0.7117757699157496,good
0.6502240687098935,1.12635382759847,6.0,191.0,113.3429089449651,44.37461939890392,3.0,5.0,0.8524747061689882,0.23371053280715035,needs_improvement
0.6139492409565789,2.8083615901348695,6.0,441.0,188.01020354997863,54.35493968685534,0.0,3.0,0.6270858878600916,0.28418400028218654,needs_improvement
0.5396112341332098,3.406516652738383,10.0,258.0,25.232849479381446,35.22731150566602,2.0,2.0,0.8421947443121671,0.30329762435703145,needs_improvement
0.7172780641504304,0.2840033543371921,5.0,132.0,199.1680696904045,85.0523609328862,1.0,4.0,0.9835560519580264,0.3352399419398245,good
0.8124150850081667,15.465349004803082,9.0,766.0,446.7464404647277,39.55655986896998,3.0,4.0,0.6011975418817384,0.30486581997972473,needs_improvement
0.9611310148091655,0.6881403530808673,10.0,328.0,82.41449766510037,125.50933664704012,2.0,1.0,0.8376356061915701,0.4688745073767484,good
0.5935724304734973,5.977729837411253,13.0,37.0,50.21425916712402,33.24242291506746,2.0,4.0,0.813063276695798,0.6982425951967612,good
0.495711310235547,3.5284377779358294,4.0,494.0,446.99662350915423,78.18945796467636,3.0,2.0,0.8557552052951485,0.3275054124283158,needs_improvement
0.38788182217419875,0.12983239873127211,6.0,499.0,235.49554125733047,26.158437187897217,1.0,5.0,0.8283015937305435,0.5696949365712365,needs_improvement
0.5088655621270421,12.934529162924875,9.0,1921.0,22.274570284197132,28.566295015678488,1.0,4.0,0.6513795831752828,0.7338130495112528,needs_improvement
0.7023572628842095,9.547204847835612,9.0,402.0,104.88755403874596,94.52113815055934,3.0,3.0,0.9690917899757191,0.41455363087900626,good
0.6800143486173388,3.7143971847849517,9.0,947.0,224.22655625306547,5.6953934300926905,2.0,1.0,0.8049463026084602,0.3665893843924891,good
0.7711527056085214,1.2999605860804622,6.0,676.0,170.84349078535658,41.61100983803126,1.0,1.0,0.9282805436459334,0.5869336235083472,good
0.5234996111754139,0.6483963404191874,5.0,251.0,192.7535893264848,64.79279558895352,2.0,5.0,0.8848844071082522,0.15929502284710978,needs_improvement
0.7784190351697063,2.2580097527831087,10.0,533.0,167.46595595926857,69.39891198581228,2.0,1.0,0.7019219781603375,0.5962533754307817,good
0.7703606911821439,1.4747304989664798,11.0,353.0,319.9582832744237,44.76237597232392,3.0,5.0,0.6837276500633827,0.6232046263590012,good
0.5730715330827637,3.5330996694913797,9.0,232.0,77.25811113046313,29.716202932924084,1.0,3.0,0.5521358066026854,0.2852143817305162,needs_improvement
0.592381504423185,16.96752960316713,10.0,266.0,246.5172229613732,15.108150437822088,3.0,3.0,0.7249145771432914,0.5236352277157229,needs_improvement
,,,,,,,,,,
0.8720884127292534,11.033241724445844,8.0,400.0,98.84577556576335,23.084946249734465,2.0,4.0,0.5087420044172453,0.44581750300655204,needs_improvement
0.641771241956037,5.261681232651188,6.0,401.0,313.1304447719767,80.22055055835243,6.0,3.0,0.7778876505676627,0.5855236419392557,needs_improvement
0.7771090415830071,3.2241335056346627,9.0,259.0,56.5015596616534,1.6088905101158653,1.0,2.0,0.6930889886869049,0.2243598995208708,good
0.6622507607707725,9.641593642661851,11.0,341.0,66.22837310448497,13.209295086711595,1.0,2.0,0.8533023720099584,0.5878147464469422,good
0.7576142074974568,3.1873147489376925,5.0,89.0,546.255191125415,21.20066278529225,1.0,2.0,0.8322592083899599,0.5266303820729815,good
0.8383614372166761,10.14861791680785,11.0,180.0,5.2561376139780025,55.67219627822861,2.0,5.0,0.8659470737284832,0.9216251885508718,good
0.7098280727074674,1.7235679040223773,11.0,319.0,49.03370217200307,19.233942880653395,3.0,3.0,0.7389342848258867,0.31819732613926255,needs_improvement
0.7633582625301942,0.6894935704549342,8.0,1536.0,131.91180541831164,2.1121815209659536,0.0,0.0,0.8573133118954278,0.404952273762606,good
0.8724958896467461,9.665963056921246,5.0,669.0,102.78194885743484,9.550006306809463,2.0,1.0,0.5779353935877717,0.47683533247910503,good
0.7498052532280345,4.426567154101588,10.0,184.0,198.40216352971544,14.998891309205545,2.0,2.0,0.7306757469972769,0.7012028035421347,good
0.5797840086618884,10.995289204891163,6.0,1468.0,42.817449333408234,9.682118600708447,2.0,4.0,0.8294021382558598,0.10801425372840552,needs_improvement
0.5044829534605119,13.889188931912024,7.0,402.0,14.63180852379751,11.390506150943375,3.0,1.0,0.6619647316484543,0.47410381542740065,needs_improvement
0.66924524981356,0.27559982523566257,5.0,162.0,92.19558405316889,73.25755909099799,2.0,0.0,0.6109125595891282,0.3318202466432564,needs_improvement
0.5245514344085239,3.4754383290097453,7.0,378.0,148.6168020804062,26.554277516166152,3.0,4.0,0.8838537683531993,0.6760479242209418,good
0.7950839619433079,2.3497345468679236,10.0,887.0,165.10811257445505,25.974758518229997,2.0,4.0,0.8099894810244237,0.3501428694131535,good
0.2861145013176797,4.915604678827645,12.0,162.0,184.00630575895275,169.969455867128,3.0,2.0,0.828741439093966,0.3825967058712716,needs_improvement
0.5748826514942669,7.889482985353162,8.0,176.0,159.10775302130307,29.592912543480093,2.0,2.0,0.9857668996275191,0.27938264822517483,needs_improvement
0.760157198293643,1.6466207377753013,6.0,1711.0,56.40680282001866,131.31761188230863,2.0,1.0,0.4803733998758828,0.430558404806756,good
0.7351954099847685,4.068652490941574,10.0,511.0,289.25111618087595,17.76687038601075,4.0,2.0,0.7918932511549852,0.270688632233169,needs_improvement
0.7826958399251125,6.167498657078268,5.0,276.0,18.37487537084482,25.593496768827332,2.0,6.0,0.762680532705478,0.26965433046969645,needs_improvement
0.41555545613869715,0.7218414027041299,2.0,370.0,44.21760296356915,25.23251618432272,0.0,1.0,0.7315595841329986,0.3815100564131712,needs_improvement
0.7786355405223672,8.411841896976496,5.0,506.0,268.93684637856006,39.491586773871724,2.0,2.0,0.6103506912562664,0.6491312702295774,good
0.520553987786562,4.658412902984691,5.0,345.0,65.62475399916745,43.88323223219931,3.0,3.0,0.8507800499083402,0.6340040601233413,needs_improvement
0.7950675011936752,14.932617733021182,12.0,1187.0,136.0357043087004,14.259261543982674,2.0,2.0,0.7365944917046542,0.514483426664044,good
0.6135566763190784,2.0740096983675587,15.0,436.0,79.2607625008723,78.8931471083641,2.0,4.0,0.772028848861201,0.7913659307263053,good
0.5943641376214134,0.572263861368796,9.0,686.0,141.44159907065193,34.311155833308874,1.0,6.0,0.8524961660981479,0.5241671006296582,good
0.7027246211479126,3.531174269118351,7.0,431.0,85.13023656607626,0.35342382207359513,4.0,7.0,0.8774393630800474,0.2646334733112287,needs_improvement
0.8230400516177594,0.4485884790786623,9.0,391.0,1030.2551762320652,44.74366571209445,1.0,2.0,0.8870266522691604,0.8533418363592638,good
0.6154390936695966,17.45449295442848,11.0,824.0,88.47071648892859,79.98909449405484,1.0,3.0,0.8623954742923432,0.5034751078639524,needs_improvement
0.4360130247787032,0.19726548369867355,6.0,838.0,197.2618708872349,14.415229162935539,0.0,9.0,0.7446187799247999,0.7329133753585462,needs_improvement
0.7175799011359543,7.002045558088803,7.0,109.0,438.46511120389823,1.9303375701388923,1.0,3.0,0.740649234422469,0.5770365830547973,good
0.6635569561271767,3.723280366117186,5.0,397.0,203.1863019399467,82.29955978637435,0.0,4.0,0.8463160934794076,0.60963126754705,good
0.6963731189654453,2.2992420622486085,11.0,2079.0,166.87637873636322,187.06491323365637,3.0,2.0,0.6726646900904701,0.3677634742214963,needs_improvement
0.9837069490752354,0.34054933140760435,5.0,282.0,168.43594165325732,3.9826683015237814,6.0,5.0,0.9401826374061569,0.8063008957981296,good
0.7686149033847789,4.86651389619345,7.0,580.0,137.21870758762634,139.06073683853464,0.0,4.0,0.7893506997227747,0.6823452111440301,good
0.7892737374300461,4.400039069656779,9.0,1094.0,329.6153764272174,22.25770067644996,2.0,1.0,0.7694006239655234,0.2142171514434962,good
0.2846823742858305,1.6486579410875277,7.0,166.0,10.347958465612175,141.88483627024127,2.0,4.0,0.4777898399115647,0.47369895860092837,needs_improvement
0.8924318438363456,12.052059983456632,6.0,299.0,432.7906846609073,52.325569694226935,6.0,4.0,0.7635469838403784,0.7115226941813415,good
0.6010272733881218,1.8128184383351555,10.0,114.0,176.51908007747306,110.4749202788055,4.0,3.0,0.8468380813394427,0.36392007160311285,needs_improvement
0.814758861364985,2.986689359361354,1.0,438.0,377.92724001931674,77.04996557166272,0.0,1.0,0.869662762997977,0.5311667796309761,good
0.5856101061923027,3.9237083755086704,10.0,548.0,2.0894167568256754,1.4198576161696543,2.0,5.0,0.47170795833896667,0.5948888918111068,needs_improvement
0.40321430223804294,0.528090956357158,8.0,675.0,406.93402775505473,3.38410631186115,0.0,4.0,0.7959519011873495,0.28670400806418567,needs_improvement
0.6538880884041627,13.453143150008442,10.0,1420.0,25.597931101879247,37.30046473125303,3.0,3.0,0.9267153578001704,0.4450032598810542,needs_improvement
,,,,,,,,,,
0.6235128881609776,0.4211446971235153,9.0,160.0,107.74949819489879,30.90516167867488,2.0,2.0,0.671990699404258,0.8028265302837065,good
0.737558749061056,2.449327268660864,11.0,199.0,228.55822665831224,154.6455382993114,2.0,4.0,0.8462706014330369,0.5807697971408192,good
0.89082853685813,4.5839861392652095,6.0,219.0,197.87432046945383,17.46066312229237,3.0,5.0,0.9075334508568353,0.5201855579913273,good
0.5756410681674146,3.604161216501102,4.0,476.0,35.681018528483996,33.560744445747744,5.0,1.0,0.8601090079653816,0.27587665917700444,needs_improvement
0.8744558446561983,5.929714521836729,9.0,2643.0,144.5620686017567,24.246494083920226,3.0,0.0,0.9100529626167149,0.3185619949172683,good
,,,,,,,,,,
0.4761224187142375,1.674152197444415,1.0,1211.0,164.39477398025076,10.773958062412607,2.0,4.0,0.8539810530601348,0.6641056555231956,needs_improvement
,,,,,,,,,,
,,,,,,,,,,
0.7304672275934655,9.67189288408633,10.0,209.0,145.03592644500208,83.38944051894714,2.0,1.0,0.8362157582262194,0.5154205818026961,good
0.8421567299162392,0.4819823544485924,6.0,225.0,192.27321680212756,77.83982746176474,1.0,2.0,0.8195575606452702,0.32869471414393175,good
0.6046338754750071,8.992537376223556,10.0,365.0,70.01576456472216,73.68411430091666,2.0,5.0,0.8438054722803676,0.37208036625063995,needs_improvement
0.8241432391850111,2.2375986934886147,5.0,558.0,611.536356412095,30.757250140990955,4.0,5.0,0.9026513611715671,0.7254882921797826,good
0.8435152415132332,4.736444537019629,11.0,238.0,146.9200521290747,65.2616742959974,2.0,3.0,0.6802569718013753,0.5290403799501764,good
0.6071245561113899,0.8296065885316962,7.0,759.0,40.30505628791133,24.486226132475856,0.0,6.0,0.7389293740252785,0.2880837689435543,needs_improvement
0.8875810984738266,0.3422975065840349,9.0,932.0,22.810359981311183,5.307462452950435,0.0,3.0,0.7933219955012255,0.7550902046190542,good
0.6026377601492411,1.216337201675419,8.0,326.0,156.02860571528046,24.99219402638601,2.0,4.0,0.6884530650331995,0.12181427730652616,needs_improvement
0.917282501889405,0.6839911455510518,7.0,840.0,94.07702236080823,8.638151920280993,1.0,0.0,0.782316028680488,0.30891560815007796,good
0.8219949180825801,1.8727829135286798,4.0,85.0,42.77411019921651,24.78467475826341,0.0,1.0,0.8053240052896928,0.5509730333741604,good
0.9395740617132607,3.6116776961844095,10.0,61.0,6.23591126870624,17.650171422035893,2.0,2.0,0.8906848643926162,0.5307950577130481,good
0.8333871188264497,4.442884944377793,9.0,785.0,167.21887491085678,45.70972989842192,2.0,2.0,0.6043371884979807,0.49254421986698477,good
0.5204437025818998,7.800099426577028,8.0,287.0,182.55948652783226,22.434845154144252,2.0,7.0,0.7461387397334067,0.6281266268406998,needs_improvement
0.9735883438631859,5.33905614487125,10.0,2351.0,30.584227480563737,61.139039096968226,5.0,3.0,0.6069580616197162,0.29156416643534094,good
0.8183118003875479,4.692149078202787,8.0,374.0,184.12906475758987,35.88702471141496,3.0,3.0,0.7195713912935224,0.6253345386868072,good
0.9002642090084697,2.653288491107753,17.0,181.0,607.1973637691303,125.97010900471012,1.0,2.0,0.852188478794048,0.7454625619628272,good
0.4720590556165168,3.2104497022763923,14.0,1555.0,766.048146855248,4.771908343987344,2.0,6.0,0.8016642179537562,0.478390485137574,needs_improvement
0.48620114694750943,2.676623359830251,11.0,681.0,438.7334681647829,58.19102188043029,1.0,2.0,0.8927015386203666,0.625366300089442,good
0.8074063936671491,9.231058108151203,10.0,1392.0,329.0944655153032,55.797619791082965,1.0,5.0,0.9584826846610353,0.6684129275716072,good
0.3476878510616188,1.306826759298874,14.0,252.0,46.984489364752505,150.4171198128012,2.0,2.0,0.7932517390877393,0.14057224736582533,needs_improvement
0.8092687615356334,0.028686793767070295,6.0,539.0,34.023707286882555,23.225088974317085,1.0,4.0,0.39623281788753234,0.7227896456852537,good
0.5988116532400829,5.268001940439284,10.0,200.0,117.73855187908309,18.22369021535241,3.0,5.0,0.5999080016089879,0.5483874869572047,needs_improvement
0.8369795259978114,1.1311301340633557,7.0,99.0,193.3230840069435,9.460870584949129,1.0,2.0,0.9016250597644223,0.5555846901907502,good
0.7483684574018479,11.041610775408397,5.0,730.0,380.33096234875944,15.413869736541367,1.0,3.0,0.795525395623916,0.3437796709047305,needs_improvement
0.7870564128462004,9.796620110389322,4.0,279.0,52.78348469451494,34.84679470950999,2.0,1.0,0.829548146037412,0.2361836413975085,good
0.4861101696952921,0.39915358200415285,9.0,181.0,130.64991643224064,90.91943359264305,4.0,3.0,0.7787539204190399,0.8875769790479244,good
0.9432986755050043,0.5624202808520319,2.0,132.0,208.50702894684522,16.723773817371658,1.0,3.0,0.8540166968561465,0.4557349497089512,good
0.955613181360996,3.4176834703719763,5.0,466.0,117.97154925465082,8.58345184393277,3.0,2.0,0.7441925078455126,0.24689037373854117,good
0.6606616399508951,4.698086756023728,6.0,424.0,121.0982172181311,15.881535880703076,2.0,3.0,0.8584049737185226,0.580669633880721,good
0.8216328587745573,1.6072860053010838,7.0,274.0,51.00868731546417,5.31955093488072,2.0,0.0,0.8717631638548633,0.46751672186685556,good
0.4802894130564633,6.307969273464259,4.0,235.0,863.4112150418013,130.65660693647308,4.0,2.0,0.8456954501599291,0.46602447609804726,needs_improvement
0.7459992230556963,4.518304388074792,5.0,744.0,128.9450486097899,103.03065650643535,4.0,6.0,0.7254636236768057,0.4958147694268148,needs_improvement
0.7044123072476127,1.963910219519537,8.0,55.0,152.174718899508,18.444007480978303,2.0,1.0,0.6432532078601193,0.37322954409995696,good
0.4463279094757863,0.1284944698253155,4.0,668.0,49.32320011359405,14.18369353058889,0.0,3.0,0.7514231800642773,0.5024087238188621,needs_improvement
0.6692789636398748,6.934478335310747,5.0,585.0,144.36560161952946,117.90347053894523,2.0,4.0,0.7721376313731099,0.348420739116209,needs_improvement
0.7289757461027863,1.208789044642053,7.0,150.0,58.96807536010314,0.08867615418485175,2.0,3.0,0.8624749779674175,0.5556728694140889,good
0.5718197701313311,8.993127234879628,11.0,85.0,45.2136275962152,45.88677975824723,2.0,1.0,0.6676115626660545,0.2892730136917651,needs_improvement
0.6791527304551781,2.7261387453857866,11.0,646.0,64.51606577396032,123.84916271519577,1.0,3.0,0.9766418244149181,0.36421262431111245,good
0.9083242255805124,4.302830981023388,3.0,157.0,0.5526926710527571,35.52051562373821,0.0,0.0,0.6953224247188904,0.3266069718915344,good
0.868356594030242,10.315822882102852,10.0,1420.0,168.86431106357665,0.1485684874792416,1.0,4.0,0.7658278091511598,0.27607120477812047,good
0.6196801815300556,9.96166088118778,8.0,2196.0,98.03473861034453,12.350775981247958,2.0,2.0,0.9056219592920399,0.6618550053293252,good
0.681971597698273,2.3222519870457665,9.0,567.0,457.912094945383,127.83619996281845,3.0,2.0,0.663251399059437,0.6600693538473407,good
0.7864392651846966,1.1715842837425656,8.0,371.0,8.311781030384305,0.8584485539358669,2.0,2.0,0.8872004404004846,0.37285432488664955,good
0.8548519454063352,7.4615216098545485,4.0,338.0,8.832242045071471,25.10814320777877,0.0,2.0,0.5803872885777427,0.5251021052220854,good
0.807183377561672,2.8376871891040993,5.0,103.0,434.08958967336105,77.97164488020341,1.0,5.0,0.5302693613582993,0.44535247751624124,needs_improvement
0.8137081254326588,1.0662259701906742,8.0,320.0,27.08255047262062,91.0360395484974,3.0,3.0,0.8274713592961362,0.5854180018460153,good
,,,,,,,,,,
0.8790493145802168,1.1038829878102057,10.0,242.0,39.42545174546631,13.2297814682113,3.0,2.0,0.8732350946633662,0.6069408103870622,good
0.9837699620890556,0.13073007832564015,7.0,551.0,347.3135961475761,45.77763992147112,0.0,2.0,0.7851924162649577,0.45388996490621125,good
0.795033405956374,0.10244217825873925,6.0,448.0,324.6202491792807,15.31118090818163,3.0,0.0,0.9165686378526154,0.5179403333300147,good
0.7050730384399668,4.868478539493803,5.0,756.0,83.14315669761258,14.736291612297316,1.0,3.0,0.6354011258210083,0.29383445201869857,needs_improvement
0.4210123599318554,5.418742432423425,9.0,282.0,220.54268773572915,82.40887555030166,3.0,4.0,0.7211504430348251,0.6179704234523415,needs_improvement
0.7374326037650152,1.8628726981822687,8.0,653.0,141.55054780180046,8.377509743710657,3.0,4.0,0.8249003376543249,0.2096976210764442,needs_improvement
0.37723506930194756,1.9283932080000785,13.0,406.0,470.21853809424397,0.27683890539246964,2.0,3.0,0.8530975141354605,0.44043068713915573,needs_improvement
0.7300800783028487,2.073744712176542,7.0,650.0,11.615562065358127,20.532065352510752,1.0,3.0,0.9436329813266429,0.6913883278554815,good
0.4351102325021249,5.699649322950201,8.0,379.0,335.5210057793672,33.76280473860972,1.0,1.0,0.704036579000721,0.600473488665209,needs_improvement
0.8848777124245332,0.2994602159185223,8.0,1673.0,37.41022538239836,61.05262373403261,2.0,4.0,0.5731845709505754,0.33563666995813685,good
0.46051745537017785,13.233577582470232,6.0,57.0,99.39141347306911,75.96049890677982,2.0,3.0,0.8522472458749445,0.2502311850591656,needs_improvement
0.732544857187541,1.2584935088061018,12.0,665.0,42.62803829291726,54.46071112815788,4.0,3.0,0.8677798813322534,0.45305813598084277,good
0.786036177103516,40.1308911789051,9.0,800.0,242.54513960536332,49.24305253204254,1.0,4.0,0.7841267264576347,0.7770749572337671,needs_improvement
0.3993002281212786,0.9408291695275075,9.0,146.0,226.84344548990057,54.793112023882614,0.0,3.0,0.5926663848065871,0.24066522182487277,needs_improvement
0.66695722398668,7.382112017981952,7.0,1737.0,158.7693159787345,15.840202712898716,3.0,3.0,0.8342259445699919,0.41159969959709625,needs_improvement
0.9723106507521171,1.2642300773576263,10.0,410.0,239.57365286965046,24.09258287494404,1.0,4.0,0.9520697531903418,0.29447742138351957,good
0.4613883678756335,0.42151234684827926,10.0,365.0,204.08860699001008,47.912504715258855,6.0,1.0,0.8711921082709077,0.6468061111985738,needs_improvement
0.581724737531582,10.394541393475048,8.0,542.0,299.6169279693748,3.3909633975591706,1.0,1.0,0.8614710496830057,0.4727118912391136,good
0.7248814533658748,9.786164118105528,6.0,820.0,54.73128566410384,17.500953607342623,2.0,5.0,0.7545730402549565,0.4377782126157215,needs_improvement
0.6592672439971866,2.583970267718771,10.0,448.0,112.04260848052603,26.0790751330631,6.0,0.0,0.9064703390874108,0.6451439951205625,good
0.935463541251047,6.059960071067389,7.0,437.0,32.88686532928423,38.118505659796966,4.0,6.0,0.674277211081688,0.8091937106473752,good
0.8446269019801746,4.071671761286121,15.0,788.0,112.28122540435581,33.32352028716926,1.0,2.0,0.8395386567432327,0.4490834937965706,good
0.7698682840989942,9.585120951612186,5.0,875.0,241.92558717675473,63.315798522807555,1.0,4.0,0.5527418827803303,0.2795690796856933,needs_improvement
0.3687462739161323,1.892090755463227,10.0,528.0,235.13613930182711,32.06823445700267,1.0,1.0,0.8952736488379219,0.4368374943662668,needs_improvement
0.7112583497261287,3.70824713089885,5.0,116.0,247.1800221145125,117.23810015875371,0.0,8.0,0.7929803146265525,0.7775950911757802,good
0.8342279457029107,3.3215584536419263,7.0,178.0,73.8558168722592,23.927469394537248,1.0,1.0,0.7742239616223251,0.3253973777649287,good
0.7155654385633339,2.1840500301811576,3.0,960.0,217.06852850366442,37.26116603047199,1.0,7.0,0.8948661888656053,0.4169742552729526,good
0.5710407366544537,11.102955200922668,6.0,322.0,91.60436202728336,0.16077769793760402,7.0,1.0,0.24322399678885914,0.40926701359297235,needs_improvement
0.711048000573034,0.9068775701430254,8.0,249.0,578.2457910151222,18.587830595673392,0.0,0.0,0.6051825730343827,0.28177619889442357,good
0.7210320599704997,0.8097051268220924,5.0,573.0,84.12581011090876,100.71002985771437,2.0,1.0,0.6436881162417815,0.2801248554393228,good
0.5294196236276489,4.300846291581934,4.0,519.0,184.77298578651673,20.291488324119285,4.0,5.0,0.8585339104376708,0.5232376962354462,needs_improvement
0.8456398726568405,5.357333873312343,8.0,338.0,277.3754775631266,14.596978358866702,2.0,2.0,0.8559778066901528,0.5016858309162905,good
0.5561314596701195,1.082200686935668,8.0,731.0,473.7608537176188,39.212377571530084,3.0,3.0,0.751696218455157,0.6079995726184945,needs_improvement
0.7116201586572609,2.477365744239017,5.0,146.0,115.22527940795241,4.100111646767191,0.0,4.0,0.7971186967480981,0.5873741252926131,good
,,,,,,,,,,
0.9043185174223048,1.415910547052961,8.0,1342.0,112.43366995104869,18.096277947771398,4.0,3.0,0.5973929002557321,0.6783433111071877,good
0.5552393484674638,5.518536764217233,10.0,164.0,78.22262393883852,24.152651364389484,2.0,2.0,0.7635452120914344,0.5967314956156029,needs_improvement
0.497784678224708,6.738242021259715,7.0,123.0,212.2196581869857,78.3584493021564,2.0,2.0,0.7653088605927679,0.718633742757788,needs_improvement
0.6262873895257598,2.972202055470042,7.0,310.0,539.7688334197401,54.23014676802694,0.0,2.0,0.6183591444929564,0.8327243692861938,good
0.5664151797922046,13.865022984284856,2.0,393.0,26.951229949969623,29.539105720385255,2.0,4.0,0.8578059172908313,0.11407654443400066,needs_improvement
0.9067501457354192,6.671484542706624,8.0,275.0,164.61567053320175,43.08022218911272,4.0,2.0,0.7757948535461413,0.7221936967892482,good
0.5789930873642896,3.0617506783750525,8.0,336.0,455.86890264368867,72.80554043696392,1.0,5.0,0.7442106946187825,0.7233745570888118,needs_improvement
0.953021245280425,4.212126109032466,8.0,129.0,21.097559119518735,68.47849886654616,5.0,4.0,0.909698998528328,0.38444710991774655,good
0.6702354565605352,5.89824590755782,7.0,714.0,136.19053168698792,10.248099027149676,3.0,2.0,0.862624509793162,0.5162433622974243,good
0.8334469743157716,4.484771708763116,4.0,118.0,400.83653169405676,17.899449059611495,3.0,0.0,0.4908967327690764,0.41417718909748064,good
0.5963369057273623,10.547342721184547,7.0,410.0,461.4234931632997,21.403708707509924,1.0,6.0,0.6362758219556953,0.08839584527279815,needs_improvement
0.8973647510856426,2.2071870810207854,9.0,486.0,144.45430583302948,10.384570768489079,4.0,8.0,0.8769737917040965,0.5363662975232077,good
0.7856230293527416,1.7825586438367294,13.0,677.0,5.053691987609041,0.6118004787045374,1.0,3.0,0.8339459570675797,0.4313777197696032,good
0.5791068113260163,1.202967661803056,6.0,483.0,22.329196337265724,9.556044004129452,7.0,2.0,0.7574641881788878,0.35735724232450994,needs_improvement
0.9392291867872722,0.19257624419467934,8.0,168.0,176.72441484661258,82.57666270998554,3.0,2.0,0.4946913961479166,0.43255859656826257,good
0.6194388581031283,0.2198323973216676,10.0,290.0,26.445558585439326,39.47414395461646,1.0,2.0,0.4147704934489552,0.4436715617919776,needs_improvement
0.6601170365435675,10.203227405288889,3.0,229.0,32.36683912836737,20.90153834186809,1.0,1.0,0.8115698153106823,0.6187488400155474,good
0.7968482210536053,5.672127154887477,7.0,114.0,295.78467374444193,46.86862566471926,2.0,0.0,0.9839143367036657,0.722702010179315,good
0.6121369004156112,5.401884082363123,7.0,571.0,277.81328681365716,67.3217935976779,0.0,4.0,0.787337008181975,0.7878607399619405,good
0.38039559662909184,4.767923158778288,14.0,220.0,370.0126255803651,21.88090986856687,1.0,3.0,0.7591550111398067,0.35075963402342203,needs_improvement
0.9512033873511112,9.45963892836294,7.0,454.0,22.35065595940517,31.3749801265733,1.0,2.0,0.9340578762122325,0.3824540269123726,good
0.5598724949936699,3.2721995889374926,13.0,369.0,44.16546743628179,3.3183812020815537,0.0,7.0,0.7958714086660793,0.5027621992133025,needs_improvement
0.46599243131676094,10.216930261226778,4.0,162.0,357.9061068604108,45.452169894419946,2.0,7.0,0.858951953794823,0.5293449444482938,needs_improvement
0.8174878728264835,2.227101658962828,5.0,154.0,255.37151122832728,22.034444435527515,1.0,0.0,0.850527650919772,0.5288340381449649,good
0.7264607251004928,13.066485268814505,9.0,308.0,327.9342000538992,28.41599713615096,2.0,4.0,0.7775402843564061,0.5449816184581304,needs_improvement
0.7052062817307333,5.997530310133183,13.0,141.0,916.0111404390335,27.461054098857996,1.0,2.0,0.7970206949789466,0.5452872927277276,good
0.7640971688466464,1.4864883459044806,10.0,889.0,399.6558028776391,50.03925787169804,1.0,2.0,0.840899450135564,0.16090853071123112,good
0.8914619256913529,4.151539145596586,8.0,1183.0,146.98694940635912,42.48599694064348,1.0,5.0,0.9560866019139661,0.5379640728870277,good
0.8062543950703975,3.807457328068384,7.0,754.0,74.43552257651686,27.418245040249662,2.0,1.0,0.7392329386979677,0.24364027028496973,good
0.4042298109504714,0.7419131951179094,5.0,533.0,168.64364575066887,0.855020175712101,2.0,2.0,0.6467178314819735,0.37843998282956604,needs_improvement
0.34830321983529233,4.4731710047974325,8.0,423.0,203.5465371568979,48.506021831548104,0.0,3.0,0.6477529704736178,0.36993430861839594,needs_improvement
0.8727248613745506,1.8901176580182115,7.0,174.0,81.68754677497706,105.83743354344664,1.0,2.0,0.9112002092887687,0.14579786240277642,good
0.993359797536034,0.26884370948239433,13.0,782.0,294.7516735473452,73.38640897564898,1.0,3.0,0.9230920468871319,0.5105339639912789,good
0.8166893250664542,14.846051330934573,10.0,1207.0,19.468282657331653,199.81272771363112,2.0,3.0,0.6209859167436665,0.5861082084477199,good
0.6688321591742876,5.128998773842726,5.0,307.0,302.2743528346837,7.4874139493792455,0.0,3.0,0.8744888619763626,0.5874091743752952,good
0.7504466266659039,10.474560251167714,10.0,391.0,6.504332283897522,12.584871331418263,2.0,4.0,0.7043280759075536,0.2867724319720108,needs_improvement
,,,,,,,,,,
0.7632037634096844,2.207925964600587,7.0,309.0,395.2852622267858,13.451633096897167,5.0,1.0,0.7985565370337776,0.7615562528207269,good
0.7995550182912067,3.594254261862708,8.0,147.0,18.093345938479587,1.758036927407967,2.0,5.0,0.9283792416249488,0.64625064416032,good
0.7166844317894362,5.63115232308152,4.0,320.0,145.85393720538687,25.732335421351294,2.0,5.0,0.4422769711300347,0.44068996633817,needs_improvement
0.6627080646467055,16.126019676131907,9.0,570.0,34.72583440497236,16.958926156444267,0.0,3.0,0.7240231812269905,0.5341293625651721,needs_improvement
0.8631649310442707,1.4629334631198128,6.0,523.0,450.4083410590256,15.310013753534651,0.0,5.0,0.7759245658201622,0.6132055056562578,good
0.6402207834695786,10.39629013756266,10.0,493.0,357.17002520837224,153.06457059307127,0.0,3.0,0.6927767432749551,0.4487670372373107,needs_improvement
0.6665211472637623,12.890231084808491,7.0,57.0,543.369486585202,13.62024270251955,2.0,3.0,0.9705349908864624,0.49275642145686155,good
0.8391268910116445,5.549612766143608,8.0,419.0,415.86005677958696,6.930503145430814,1.0,3.0,0.6819586150746596,0.7343841081088528,good
0.8790217848091557,13.387602123985022,6.0,658.0,266.7808491901987,6.694816269239219,2.0,6.0,0.9028764682308805,0.5011574241211477,good
0.866903627507175,2.536480860385505,8.0,400.0,40.88624372987472,82.0784499314557,1.0,3.0,0.8712889291897382,0.6832227288352014,good
0.8048009191968933,15.289759537928926,13.0,1000.0,72.05130307131759,62.73665844549026,4.0,6.0,0.7674820001032635,0.36566806961535914,needs_improvement
0.8238885908443171,6.066461769777659,4.0,372.0,137.37543893671685,6.933583092457833,2.0,1.0,0.6645029191984253,0.49937518188211405,good
0.6318173064337346,0.21456760649778484,8.0,554.0,177.7821912298775,12.407244754876718,0.0,6.0,0.8552452021294975,0.5486884257392572,good
0.49528599420725433,11.868946600367378,2.0,180.0,304.8203666315807,68.7861237366948,2.0,2.0,0.9000989078943032,0.5818492286187207,needs_improvement
0.3465218421600357,3.3128261506642676,7.0,644.0,51.484800863233446,16.052732880995077,1.0,3.0,0.6123571120570819,0.5765928720366312,needs_improvement
0.842468951376209,3.083959250979558,7.0,757.0,27.456803647109183,199.6130734975356,0.0,3.0,0.7745344879818074,0.2743533997016932,good
0.7571200686421355,4.178932261164073,8.0,227.0,131.79173330858504,38.888441664922404,5.0,0.0,0.5732803816617722,0.6830807262926856,good
0.6061866368372596,0.8089756444128259,8.0,128.0,34.3573868686339,10.660154243930798,5.0,4.0,0.7743658672702172,0.2179030834176837,needs_improvement
0.7928134019355718,3.1665300790519035,4.0,281.0,236.66208472353782,97.88189159340723,4.0,2.0,0.8051290810006491,0.4673561353816802,good
0.5435990766381953,8.893048045849199,10.0,181.0,171.43033204315762,19.244576102180318,4.0,2.0,0.5501614093372297,0.6742597467546285,needs_improvement
0.8888276682275914,0.07801782017642192,10.0,651.0,270.2687017251873,17.04059683012396,3.0,3.0,0.6785652760328994,0.866132104654803,good
0.21077005743528063,1.5935743032794767,5.0,272.0,13.107603486613828,19.833289306088723,2.0,2.0,0.8095265072862106,0.5478757183502277,needs_improvement
0.6285405798152317,0.012288019399328668,5.0,716.0,668.7606416402932,73.09342384027192,3.0,4.0,0.7942760881926576,0.4828537788465508,needs_improvement
0.9651993778070326,2.686800423245082,4.0,115.0,0.0011073382130878915,9.51040568749744,1.0,3.0,0.9437651340785445,0.27809181234529246,good
0.5374880889938101,6.515569255083994,6.0,207.0,78.73964652944045,24.04601238530567,2.0,3.0,0.7637876176896103,0.563155682372504,needs_improvement
0.9634973558817113,8.016579181084166,7.0,218.0,227.65873264244533,1.5659052437607457,3.0,6.0,0.5961193719431392,0.7156085560962486,good
0.4561263340756771,14.519391308663355,7.0,502.0,9.238543602107683,87.61538645056591,1.0,7.0,0.7775502185778239,0.9494311779012534,needs_improvement
,,,,,,,,,,
0.6330865375130583,1.469351679278993,7.0,323.0,15.956193118977685,14.262446401387447,4.0,3.0,0.7961958520619524,0.7853104769523802,good
0.8616603613588479,12.89485267572206,6.0,301.0,174.22032623776855,43.36232075919856,1.0,3.0,0.8389300963439101,0.3419944225483285,good
0.6707284040904896,7.4652960648790545,9.0,538.0,452.529302587887,61.03762051567912,1.0,5.0,0.8697296731873708,0.5346223675324977,good
0.4330558808389993,4.271611337718651,8.0,420.0,162.13269033074965,83.80454328588209,1.0,3.0,0.8543712343612685,0.27240950937065395,needs_improvement
0.9258407324563575,5.947723882182526,10.0,187.0,185.05184188185174,21.36904666242642,2.0,0.0,0.5656088727540707,0.5908510273688099,good
0.7916029708257682,12.905965960886256,7.0,66.0,84.93009046219682,83.6457432348526,2.0,2.0,0.7997615153367268,0.7580138889418749,good
,,,,,,,,,,
0.74763503477815,2.2972931788485482,12.0,146.0,4.370347479053746,5.331525395903766,0.0,1.0,0.7105292257438119,0.7305872088757285,good
0.8779600145843695,6.241856669332927,9.0,153.0,438.4055604642425,93.64006567624794,2.0,3.0,0.7521573345733212,0.648054582085455,good
0.27017070503079554,0.20555894678042505,6.0,224.0,21.644574708481876,39.66327106081144,2.0,4.0,0.526220660315189,0.40465154045614204,needs_improvement
0.7767086040534031,2.442186953869055,7.0,775.0,1693.0832247786977,46.12418996287027,4.0,2.0,0.8903408023779965,0.338186053588254,good
0.9005588229237194,2.607099661008054,8.0,146.0,35.926461975124724,138.62245235552862,0.0,2.0,0.8266678714969151,0.6536907679706822,good
0.6680759183421131,0.9126372964771073,6.0,91.0,224.56118818442073,40.952698290483426,2.0,5.0,0.9891354582262601,0.7736862592453698,good
0.5927323387092722,0.11678061827639535,6.0,253.0,595.0113865382111,0.27995884265922466,0.0,2.0,0.5318114284781497,0.1461718013624908,needs_improvement
0.7137215928506621,0.7157805910591685,13.0,322.0,89.97410233844494,102.24846616446881,2.0,5.0,0.993323380859424,0.38238017755113207,good
0.4317584724521915,5.315571748541959,5.0,306.0,265.1777653646432,16.75623287334217,2.0,6.0,0.8290818165673773,0.5367975836915161,needs_improvement
0.571151758629262,8.10473990841826,6.0,238.0,86.42033965835296,34.83436404477061,3.0,1.0,0.5490933880746204,0.44928723823937733,needs_improvement
0.9482248970456261,22.19975892568351,6.0,331.0,72.75172531967165,11.463526810607833,2.0,4.0,0.8135170865902476,0.8257616547632065,good
0.7522362648666774,2.12601948599021,8.0,479.0,45.08024022160384,17.618750699043133,3.0,1.0,0.7967359356509192,0.5414841570460537,good
0.4879278711195295,4.573699952740088,8.0,200.0,344.00117812716337,58.021541306597236,2.0,2.0,0.8880490429545723,0.7630295830771677,good
0.5257224486295198,13.834621323281208,10.0,899.0,59.51606339769011,28.068534559706627,2.0,1.0,0.7937798130922359,0.2661980317049041,needs_improvement
,,,,,,,,,,
0.9000582915507944,6.322961055599246,6.0,883.0,1375.5892431218856,86.74316702776213,4.0,2.0,0.9359357474295824,0.45976787566186306,good
0.6762945674674186,7.0320513436590515,5.0,498.0,79.29426536964921,20.838085419389706,0.0,3.0,0.8284749087378775,0.11735805378416267,needs_improvement
0.7544775160333214,0.465927639663661,11.0,147.0,109.9044509832914,42.00585632194416,5.0,5.0,0.8577507619266785,0.48302701196469944,good
0.8194451865493063,9.87538547626183,6.0,84.0,922.1462796775429,75.16116409077202,5.0,4.0,0.6217448940773714,0.565578273049138,needs_improvement
0.9153353530594346,8.386042846118135,10.0,945.0,92.18510259715697,62.784922374694574,2.0,4.0,0.61921366029647,0.6974369804764837,good
0.744829126952747,0.16986815021512114,6.0,194.0,91.18922246776303,38.80942454229789,1.0,1.0,0.7844742017680932,0.6302493373213232,good
0.9705921988826015,0.47751527385781095,6.0,373.0,351.72041968533483,24.175401081777732,0.0,4.0,0.6724406882666656,0.21824666765314238,good
0.8639120985690684,0.25187328701266304,7.0,249.0,74.77304751531334,26.17038749158178,1.0,3.0,0.9001257108401166,0.8688405430116968,good
0.450447887314918,2.037913231046774,8.0,1180.0,53.258782031299056,28.381723641094258,3.0,2.0,0.4235278227368064,0.6934664425298769,needs_improvement
0.7947518331255333,3.5594995009458312,8.0,380.0,110.05549451992482,21.450419109792797,1.0,5.0,0.9544260466099403,0.4689862927133059,good
0.8713294828571705,3.800151338410677,7.0,133.0,241.22221815047996,60.04481622561799,2.0,3.0,0.7024781539427506,0.37878016161501415,good
0.7634166107949779,1.5575981119866844,10.0,326.0,8.841172875101053,6.700303964768202,0.0,2.0,0.9348644876422042,0.6044526263274226,good
0.6886520526209361,12.129240450261722,6.0,992.0,93.65415501097452,171.25522574392485,1.0,3.0,0.7063496968213796,0.747802041835264,good
0.32017874505216665,2.2964088903311883,9.0,201.0,85.00449309252225,75.47634888386825,6.0,3.0,0.856081700092364,0.5134536445614871,needs_improvement
0.6676339882075221,0.2331009202192724,10.0,115.0,56.159391803926006,17.70270849892815,2.0,4.0,0.6947593094750547,0.3506801254273918,needs_improvement
0.6595941948721804,1.7849972082077046,13.0,723.0,212.4294599060244,2.1739619930932808,4.0,2.0,0.8120968440737524,0.16613990487696012,needs_improvement
,,,,,,,,,,
0.6871978936554597,2.6231170731689795,9.0,103.0,186.65256886602842,66.28048375557117,0.0,7.0,0.8746887719604295,0.3458087315368946,needs_improvement
0.8315954784561848,1.5999418591946981,8.0,189.0,140.3717397593532,165.69039328422207,1.0,5.0,0.7348123926415666,0.1319242420681554,needs_improvement
0.37497099147569213,0.7039210096671271,10.0,481.0,48.97302077467785,14.631753085523853,1.0,3.0,0.9234026709319355,0.7685013759435391,good
0.9669308539188451,8.55083750636365,6.0,549.0,62.003548554345066,4.317402953728988,5.0,4.0,0.897219392555951,0.6072410635881941,good
0.8479104094798048,27.79223540885605,12.0,531.0,37.410559088219024,123.33453327335377,1.0,6.0,0.8428611627618774,0.5163178175353464,needs_improvement
0.940702277645234,1.9989720859832345,11.0,170.0,11.659175245925436,14.964056415862864,1.0,2.0,0.5734073130591658,0.37309787637906383,good
0.6526470954294097,2.403269061638731,6.0,794.0,193.09013601113224,63.92250713863594,1.0,3.0,0.6130245669560446,0.7675799273876736,good
0.8445906313931726,4.812164536696427,8.0,697.0,223.42982415979543,3.1288696212192155,2.0,2.0,0.8467395576587394,0.1882930967174209,good
0.7911618478792362,6.337074739934633,8.0,570.0,36.30437379198499,71.47780082974913,1.0,3.0,0.8759349432500237,0.2750444221226162,good
0.67452585517458,2.4881448758773033,5.0,166.0,191.10632908305067,6.792469405767135,2.0,1.0,0.8698443157292786,0.8052665473149058,good
0.6040163037057613,11.765683679829014,7.0,239.0,804.4204837132986,59.468390262695316,1.0,3.0,0.7815724499781374,0.44471664931361415,needs_improvement
0.6296381082466804,4.104948092701452,10.0,505.0,15.463073286954293,38.00101300400755,2.0,4.0,0.6874377927564452,0.5084214568726515,needs_improvement
0.734355779443418,2.992732411035201,5.0,624.0,134.8144037561635,155.5999697151776,4.0,1.0,0.7347562437322294,0.6701073318175933,good
0.6187461145453012,5.2018030330838085,10.0,174.0,264.1299506172961,1.880817481670667,0.0,0.0,0.8262100181701613,0.6878223799922603,good
0.9776803983321808,15.267214602086288,6.0,1594.0,9.420249782255818,17.269001882938472,1.0,4.0,0.8887994598249181,0.36164783471869555,good
0.8130673109206967,7.912818757507139,8.0,352.0,301.2621223068785,3.602139316242154,1.0,3.0,0.9559443811472133,0.39302483896516244,good
0.2695117662469396,0.20417836127274716,6.0,840.0,777.5757387999741,105.67997089214427,3.0,2.0,0.7480517921246145,0.465768630970607,needs_improvement
0.6512237422292587,2.0196557566580173,10.0,145.0,18.530074024477603,45.05793425620151,3.0,5.0,0.967703570949734,0.269633700859078,needs_improvement
0.723615703739155,3.1795325417225406,5.0,464.0,345.4528334540498,38.28262628810123,4.0,2.0,0.7066617702721014,0.5234886179211834,good
,,,,,,,,,,
0.7036254297592333,6.022991013074364,12.0,444.0,31.124132512470425,33.57244083140979,3.0,4.0,0.9274871803341571,0.5053918272650867,good
0.4694618666641385,8.751240078238983,7.0,570.0,135.92508624982605,25.433368987203643,3.0,1.0,0.9517972540942973,0.659362851723789,good
0.799150743471638,6.571638023535794,10.0,596.0,14.841015388063502,18.9717330632299,0.0,2.0,0.8733452019648233,0.4458740800689907,good
0.784819389608988,22.70313652505415,9.0,218.0,147.6713439950512,73.96193729097313,2.0,0.0,0.7421560197385548,0.6243079767409443,good
0.5862926018204664,1.5910338873350647,8.0,91.0,3.9093167684466543,3.1616907562872996,1.0,5.0,0.6837989641154859,0.38891272722477116,needs_improvement
0.8206380053025989,10.396787527031773,5.0,509.0,260.8407380877665,52.01986636819797,2.0,2.0,0.6341562716077112,0.3488373248970758,needs_improvement
0.69282343611438,7.27549336280887,10.0,286.0,133.87428965921544,86.5783087722219,1.0,5.0,0.8587529522276564,0.9581828426098543,good
0.8530747044823564,2.2484860957835373,9.0,286.0,122.844894777524,118.92326866270828,2.0,3.0,0.6865213887815186,0.5471057067444246,good
0.4334925955070954,6.623636445406663,11.0,188.0,43.678842893554645,68.50463493797973,1.0,2.0,0.7449078169975516,0.7779501866553283,needs_improvement
0.9572995594283659,0.5494982119442227,12.0,377.0,89.65254676650312,16.59602808149844,0.0,2.0,0.7724484313291277,0.4699899474481121,good
0.5054911910850199,7.78739440408194,11.0,392.0,40.14666741011511,45.87800943013777,4.0,2.0,0.7499979948116126,0.4019913845146691,needs_improvement
,,,,,,,,,,
0.5540273330535739,1.7286055887932474,9.0,78.0,44.38518344457194,6.224936864887347,3.0,2.0,0.8754637767094464,0.37452747691689,needs_improvement
0.5786331624542137,5.332332262667336,6.0,136.0,191.81528848408914,50.891835238339155,0.0,4.0,0.8747463728548553,0.3342977464955626,needs_improvement
0.7502769773331267,5.130806997113194,11.0,569.0,65.59181561991072,95.22658740818197,3.0,2.0,0.8604459180330344,0.42253578955118465,good
0.24519076250283484,1.175360969598899,6.0,67.0,213.99458524684798,3.48080287240061,3.0,3.0,0.7448358120361321,0.6872619476907418,needs_improvement
0.8744216611775963,0.15434498714201783,7.0,220.0,155.5036640112529,5.602683923154239,1.0,4.0,0.8733323236542604,0.521547673695836,good
0.801696357442288,2.842473077010718,9.0,2632.0,110.13469901464434,41.69031661973429,1.0,1.0,0.7078043967135356,0.6102988538435887,good
0.5298823682852857,4.214177632808105,9.0,315.0,223.5595313488015,12.308574858122137,2.0,3.0,0.7086173283280667,0.5857302878555521,needs_improvement
0.5104881641731931,10.461834714519053,8.0,689.0,107.47570091604896,47.314064673139825,3.0,2.0,0.9144980606557597,0.45174729340657804,needs_improvement
0.7606420436771293,13.170523764802894,6.0,102.0,344.4884049681541,12.07453078284327,0.0,4.0,0.9006061931702012,0.2903956876038442,good
0.8362185109857613,3.7624186044638264,6.0,689.0,261.5694466073855,6.192179241704608,2.0,4.0,0.8411915803738299,0.6692319829892238,good
0.6471380203744084,7.008126077442288,7.0,291.0,155.58377474504871,39.43611781175974,1.0,3.0,0.9678434219875476,0.511102689646889,good
,,,,,,,,,,
0.36795702889850435,6.85372257679782,8.0,614.0,353.05679743903073,57.77849641595846,0.0,1.0,0.716718828198319,0.6110529676964779,needs_improvement
0.8935713702017357,1.145817706608252,8.0,260.0,151.78877360947172,85.38704112196169,2.0,2.0,0.7081530382164348,0.2641143488513686,good
0.7362077612749135,2.3186347229737962,10.0,581.0,14.18058755069978,15.485149775909262,2.0,5.0,0.8834912699396965,0.8914830819716547,good
0.7886463829989471,5.028725436357073,11.0,160.0,166.94046796923766,108.56847893980084,4.0,2.0,0.7209675039101249,0.17456363141692802,needs_improvement
0.5209116928646226,0.0916242233710581,5.0,411.0,87.78069500177031,23.66358213557541,1.0,2.0,0.6978604801455895,0.3951114654161296,needs_improvement
0.6020951066467572,6.408974666560261,7.0,597.0,155.35486949601886,95.67861859684818,2.0,2.0,0.7922477224530378,0.46444003083896446,needs_improvement
0.9188235181573553,9.025302726240355,7.0,255.0,208.33137336789864,31.85494153358877,1.0,3.0,0.6085349641852714,0.3697183513046378,good
0.8854403147668354,2.5469804060280836,6.0,182.0,207.03657482587218,15.589015655441488,1.0,2.0,0.6540068629555617,0.30632461638457215,good
0.5306765373065491,2.9705146071880777,10.0,273.0,223.87979463097366,15.072746281306182,1.0,0.0,0.5034271083901655,0.5673403097550567,needs_improvement
0.6973258640562366,9.528524053617488,9.0,942.0,227.43026886861895,41.928059995491346,0.0,5.0,0.6409279649826665,0.55439960198991,needs_improvement
0.6437176935918093,7.472843039551773,13.0,833.0,23.14534946395812,4.115319696825144,3.0,3.0,0.5842967564890232,0.7497570259678111,needs_improvement
0.7579505985051994,1.6994367306083178,5.0,723.0,42.56745143234592,133.0031569584452,1.0,4.0,0.7719130911334993,0.42966240418672175,good
0.614888194286132,1.957634291203185,6.0,1347.0,199.14310356057254,15.835877287323253,2.0,0.0,0.8567295261089014,0.43776022099653333,good
0.46898483846745365,5.679674447178354,7.0,405.0,104.90797673701364,20.445412785613655,2.0,2.0,0.8700299204108496,0.5909576633749287,needs_improvement
0.9400780534563752,4.141377437275597,18.0,464.0,287.81387290199893,13.283085747511544,1.0,2.0,0.7538045051399911,0.5979668034482397,good
0.6946807474527034,0.8850558361033644,7.0,81.0,26.68554411694963,0.1506246783219654,2.0,2.0,0.9585967843903233,0.4615946441242677,good
0.9035677478561216,1.854810528612599,9.0,194.0,42.52060824223094,58.9721788409054,4.0,3.0,0.7167648170127351,0.5568128291435596,good
,,,,,,,,,,
0.8999349104050788,5.826556697907176,5.0,808.0,138.9288678557514,82.94310567986851,0.0,3.0,0.6682954757927027,0.74002650762363,good
0.7681257470298541,21.334325894414544,4.0,143.0,61.957495703453645,2.0937719104352364,2.0,4.0,0.5972293170844271,0.4651948870950795,needs_improvement
0.6804534277927826,7.2838530180197845,9.0,374.0,104.96572309343797,132.01185257400087,2.0,0.0,0.94507915339036,0.2960747050018456,good
0.812201189663318,14.23435770230024,8.0,2269.0,7.121555370757216,20.090111735876643,2.0,2.0,0.9036761220262345,0.6065577031355263,good
0.6262329344502486,1.2179340772960874,1.0,376.0,7.548288026293873,122.13252501133178,1.0,2.0,0.746066315120613,0.5306517945705866,good
0.9163448903610876,7.3807643873859305,7.0,1281.0,19.94793573460448,5.665797265190082,0.0,2.0,0.8206549869416393,0.4888103828071267,good
0.8120745736118636,0.10212345644312662,5.0,532.0,171.97851317903178,68.11338269896565,5.0,2.0,0.7771673791038921,0.6669840692644762,good
0.636379632910225,5.554841884110475,7.0,632.0,398.60347551248054,43.298685677040055,0.0,3.0,0.554089441384894,0.2495662307898588,needs_improvement
0.7230640038909719,3.167624981506765,9.0,194.0,60.28137611198818,22.17324313643969,2.0,6.0,0.72373742128881,0.5324527250028159,needs_improvement
,,,,,,,,,,
0.7057120432088156,9.917179920100592,4.0,719.0,246.63027918059788,46.41013363949804,3.0,1.0,0.7829967163825432,0.2796037568300123,needs_improvement
0.9455379692993678,9.629919257830657,7.0,515.0,386.6907452913214,1.3397851342798912,2.0,2.0,0.7188808139742329,0.7125155883382852,good
0.9083679028714438,0.1127707412854105,2.0,423.0,29.74009507031406,34.78573360195977,2.0,4.0,0.8983258809338348,0.5486849560353233,good
0.9392234363646362,4.701702137283155,7.0,139.0,97.4699033150208,46.34339565179552,3.0,6.0,0.8491808979273505,0.568824796702106,good
0.7911950663421385,2.293002261095228,8.0,303.0,34.570151091861995,65.93622457467127,2.0,4.0,0.9521090798016083,0.4401398612493136,good
0.7152166431978676,2.6863699384132684,6.0,246.0,22.489878855835457,237.42105718810816,0.0,4.0,0.8436394383926265,0.6472678177618094,good
0.43587508828299204,8.920169121677432,7.0,266.0,208.92060410611393,15.061587033939283,5.0,5.0,0.8296464851324403,0.14730531280884335,needs_improvement
